,ref ID,curveID,Name of compound,compound class,pKa,charge,C0(ng/L),C0,E,S,A,B,V,L,pzc,mp_ratio,BET,material type,product name,pH,DOC,UV254,matrix name,matrix_type,logBV10,logub,loglb,scenario,EBCT,Tanimoto,PFAS,chain_l,PD,CD,long,short_chain,y,yub,ylb,flag,notes
222,62,9,"1,1 DCA",VOCs,NA,0,4000,4,0.32,0.49,0.1,0.1,0.6352,2.316,7.4,0.185185185,963,bituminous coal,Norit GAC 400,7.5,1,0.0155,OH GW,groundwater,4.212319036,4.232695657,4.21400617,PD-rssct,15,NA,0,NA,1,0,0,NA,3.895351552,3.911652849,3.896701259,0,NA
223,62,17,"1,1 DCA",VOCs,NA,0,4000,4,0.32,0.49,0.1,0.1,0.6352,2.316,7.4,0.185185185,963,bituminous coal,Norit GAC 400,7.5,1,0.0155,OH GW,groundwater,4.219845063,4.243621234,4.213242074,PD-rssct,15,NA,0,NA,1,0,0,NA,3.901372373,3.92039331,3.896089982,0,NA
280,78,1,"1,1 DCA",VOCs,NA,0,5000,5,0.32,0.49,0.1,0.1,0.6352,2.316,7.4,0.185185185,963,bituminous coal,Norit GAC 400,7.8,1.6,0.022,CO II,groundwater,4.190331698,NA,NA,PD-rssct,7.5,NA,NA,NA,1,0,0,NA,3.877761682,NA,NA,0,NA
281,78,2,"1,1 DCA",VOCs,NA,0,5000,5,0.32,0.49,0.1,0.1,0.6352,2.316,7.4,0.185185185,963,bituminous coal,Norit GAC 400,7.9,3.5,0.039,FL GW,groundwater,4.084576278,NA,NA,PD-rssct,7.5,NA,NA,NA,1,0,0,NA,3.793157345,NA,NA,0,NA
282,78,3,"1,1 DCA",VOCs,NA,0,5000,5,0.32,0.49,0.1,0.1,0.6352,2.316,7.4,0.185185185,963,bituminous coal,Norit GAC 400,7.9,1.6,0.105,FL DIL,groundwater,3.740362689,NA,NA,PD-rssct,7.5,NA,NA,NA,1,0,0,NA,3.517786475,NA,NA,0,NA
283,78,8,"1,1 DCA",VOCs,NA,0,5000,5,0.32,0.49,0.1,0.1,0.6352,2.316,7.4,0.185185185,963,bituminous coal,Norit GAC 400,7.8,1.6,0.022,CO II,groundwater,4.115943177,NA,NA,PD-rssct,15,NA,NA,NA,1,0,0,NA,3.818250865,NA,NA,0,NA
284,78,9,"1,1 DCA",VOCs,NA,0,5000,5,0.32,0.49,0.1,0.1,0.6352,2.316,7.4,0.185185185,963,bituminous coal,Norit GAC 400,7.9,3.5,0.039,FL GW,groundwater,3.983175072,NA,NA,PD-rssct,15,NA,NA,NA,1,0,0,NA,3.712036381,NA,NA,0,NA
285,78,10,"1,1 DCA",VOCs,NA,0,5000,5,0.32,0.49,0.1,0.1,0.6352,2.316,7.4,0.185185185,963,bituminous coal,Norit GAC 400,7.9,1.6,0.105,FL DIL,groundwater,3.788875116,NA,NA,PD-rssct,15,NA,NA,NA,1,0,0,NA,3.556596416,NA,NA,0,NA
286,78,32,"1,1 DCA",VOCs,NA,0,5000,5,0.32,0.49,0.1,0.1,0.6352,2.316,7.4,0.185185185,963,bituminous coal,Norit GAC 400,7.8,1.6,0.022,CO II,groundwater,4.516270883,NA,NA,"PD-rssct, low temp",7.5,NA,NA,NA,1,0,0,NA,4.138513029,NA,NA,0,NA
287,78,38,"1,1 DCA",VOCs,NA,0,5000,5,0.32,0.49,0.1,0.1,0.6352,2.316,7.4,0.185185185,963,bituminous coal,Norit GAC 400,7.8,1.6,0.022,CO II,groundwater,4.450172099,NA,NA,"PD-rssct, low temp",7.5,NA,NA,NA,1,0,0,NA,4.085634002,NA,NA,0,NA
224,62,5,"1,1,1,2 TeCA",VOCs,NA,0,5500,5.5,0.6,0.76,0.16,0.12,0.88,3.803,7.4,0.185185185,963,bituminous coal,Norit GAC 400,7.5,1,0.0155,OH GW,groundwater,4.922818902,4.940730381,4.904136809,PD-rssct,7.5,NA,0,NA,1,0,0,NA,4.463751445,4.478080628,4.448805771,0,NA
225,62,14,"1,1,1,2 TeCA",VOCs,NA,0,5500,5.5,0.6,0.76,0.16,0.12,0.88,3.803,7.4,0.185185185,963,bituminous coal,Norit GAC 400,7.5,1,0.0155,OH GW,groundwater,4.875731474,4.901820413,4.859577955,PD-rssct,15,NA,0,NA,1,0,0,NA,4.426081503,4.446952654,4.413158687,0,NA
122,52,NA,"1,2 DCA",VOCs,NA,0,4200,4.2,0.42,0.64,0.1,0.11,0.6352,2.573,7.4,0.494,963,bituminous coal,Norit GAC 400,7.8,1.5,0.02,CO II,groundwater,4.130333769,NA,NA,PD-rssct,15,0.043165468,0,0,1,0,0,NA,3.829763338,NA,NA,0,added
123,52,NA,"1,2 DCA",VOCs,NA,0,5600,5.6,0.42,0.64,0.1,0.11,0.6352,2.573,7.4,0.494,963,bituminous coal,Norit GAC 400,7.8,1,0.016,OH,groundwater,4.352182518,NA,NA,PD-rssct,15,0.043165468,0,0,1,0,0,NA,4.007242338,NA,NA,0,added
124,52,NA,"1,2 DCA",VOCs,NA,0,5600,5.6,0.42,0.64,0.1,0.11,0.6352,2.573,7.4,0.494,963,bituminous coal,Norit GAC 400,7.8,1,0.016,OH,groundwater,4.264817823,NA,NA,PD-rssct,7.5,0.043165468,0,0,1,0,0,NA,3.937350582,NA,NA,0,added
125,52,1,"1,2 DCA",VOCs,NA,0,6700,6.7,0.42,0.64,0.1,0.11,0.6352,2.573,7.4,0.494,963,bituminous coal,Norit GAC 400,7,0.3,0.004,CO I,groundwater,4.110214729,4.1121699,4.108250715,"w/ 1,1-DCA, PD-rssct",15,0.043165468,0,0,1,0,0,NA,3.813668106,3.815232243,3.812096895,0,psdm needed
126,52,2,"1,2 DCA",VOCs,NA,0,4100,4.1,0.42,0.64,0.1,0.11,0.6352,2.573,7.4,0.494,963,bituminous coal,Norit GAC 400,7,0.3,0.004,CO I,groundwater,4.246922213,4.270345596,4.222163124,"w/ TCE, PD-rssct",15,0.043165468,0,0,1,0,0,NA,3.923034094,3.9417728,3.903226822,0,psdm needed
127,52,NA,"1,2 DCA",VOCs,NA,0,4600,4.6,0.42,0.64,0.1,0.11,0.6352,2.573,7.4,0.494,963,bituminous coal,Norit GAC 400,6.8,1.5,0.038,BEM,surface water,4.217483944,NA,NA,PD-rssct,7.5,0.043165468,0,0,1,0,0,NA,3.899483478,NA,NA,0,NA
128,52,NA,"1,2 DCA",VOCs,NA,0,500,0.5,0.42,0.64,0.1,0.11,0.6352,2.573,7.4,0.494,963,bituminous coal,Norit GAC 400,6.8,1.5,0.038,BEM,surface water,4.30535137,NA,NA,PD-rssct,7.5,0.043165468,0,0,1,0,0,NA,3.969777419,NA,NA,0,NA
129,52,NA,"1,2 DCA",VOCs,NA,0,53200,53.2,0.42,0.64,0.1,0.11,0.6352,2.573,7.4,0.494,963,bituminous coal,Norit GAC 400,7,0.3,0.004,CO I,groundwater,4.123851641,NA,NA,PD-rssct,15,0.043165468,0,0,1,0,0,NA,3.824577636,NA,NA,0,NA
130,52,NA,"1,2 DCA",VOCs,NA,0,53200,53.2,0.42,0.64,0.1,0.11,0.6352,2.573,7.4,0.494,963,bituminous coal,Norit GAC 400,7,0.3,0.004,CO I,groundwater,4.136720567,NA,NA,PD-rssct,7.5,0.043165468,0,0,1,0,0,NA,3.834872777,NA,NA,0,NA
131,52,NA,"1,2 DCA",VOCs,NA,0,4300,4.3,0.42,0.64,0.1,0.11,0.6352,2.573,7.4,0.494,963,bituminous coal,Norit GAC 400,7,0.3,0.004,CO I,groundwater,4.314772812,NA,NA,PD-rssct,7.5,0.043165468,0,0,1,0,0,NA,3.977314573,NA,NA,0,NA
132,52,NA,"1,2 DCA",VOCs,NA,0,4300,4.3,0.42,0.64,0.1,0.11,0.6352,2.573,7.4,0.494,963,bituminous coal,Norit GAC 400,7,0.3,0.004,CO I,groundwater,4.328726085,NA,NA,PD-rssct,15,0.043165468,0,0,1,0,0,NA,3.988477191,NA,NA,0,NA
133,52,NA,"1,2 DCA",VOCs,NA,0,400,0.4,0.42,0.64,0.1,0.11,0.6352,2.573,7.4,0.494,963,bituminous coal,Norit GAC 400,7,0.3,0.004,CO I,groundwater,4.367355921,NA,NA,PD-rssct,15,0.043165468,0,0,1,0,0,NA,4.01938106,NA,NA,0,NA
134,52,NA,"1,2 DCA",VOCs,NA,0,100,0.1,0.42,0.64,0.1,0.11,0.6352,2.573,7.4,0.494,963,bituminous coal,Norit GAC 400,7,0.3,0.004,CO I,groundwater,4.389166085,NA,NA,PD-rssct,7.5,0.043165468,0,0,1,0,0,NA,4.036829191,NA,NA,0,NA
135,52,NA,"1,2 DCA",VOCs,NA,0,400,0.4,0.42,0.64,0.1,0.11,0.6352,2.573,7.4,0.494,963,bituminous coal,Norit GAC 400,7,0.3,0.004,CO I,groundwater,4.394451681,NA,NA,PD-rssct,7.5,0.043165468,0,0,1,0,0,NA,4.041057668,NA,NA,0,NA
136,52,NA,"1,2 DCA",VOCs,NA,0,100,0.1,0.42,0.64,0.1,0.11,0.6352,2.573,7.4,0.494,963,bituminous coal,Norit GAC 400,7,0.3,0.004,CO I,groundwater,4.421603927,NA,NA,PD-rssct,15,0.043165468,0,0,1,0,0,NA,4.062779465,NA,NA,0,NA
137,52,NA,"1,2 DCA",VOCs,NA,0,49000,49,0.42,0.64,0.1,0.11,0.6352,2.573,7.4,0.494,963,bituminous coal,Norit GAC 400,7.8,1.5,0.02,CO II,groundwater,3.903089987,NA,NA,PD-rssct,7.5,0.043165468,0,0,1,0,0,NA,3.647968313,NA,NA,0,NA
138,52,NA,"1,2 DCA",VOCs,NA,0,3900,3.9,0.42,0.64,0.1,0.11,0.6352,2.573,7.4,0.494,963,bituminous coal,Norit GAC 400,7.8,1.5,0.02,CO II,groundwater,4.161368002,NA,NA,PD-rssct,7.5,0.043165468,0,0,1,0,0,NA,3.854590725,NA,NA,0,NA
139,52,NA,"1,2 DCA",VOCs,NA,0,3900,3.9,0.42,0.64,0.1,0.11,0.6352,2.573,7.4,0.494,963,bituminous coal,Norit GAC 400,7.8,1.5,0.02,CO II,groundwater,4.130333769,NA,NA,PD-rssct,15,0.043165468,0,0,1,0,0,NA,3.829763338,NA,NA,0,NA
140,52,NA,"1,2 DCA",VOCs,NA,0,400,0.4,0.42,0.64,0.1,0.11,0.6352,2.573,7.4,0.494,963,bituminous coal,Norit GAC 400,7.8,1.5,0.02,CO II,groundwater,4.204119982,NA,NA,PD-rssct,7.5,0.043165468,0,0,1,0,0,NA,3.888792309,NA,NA,0,NA
141,52,NA,"1,2 DCA",VOCs,NA,0,400,0.4,0.42,0.64,0.1,0.11,0.6352,2.573,7.4,0.494,963,bituminous coal,Norit GAC 400,7.8,1.5,0.02,CO II,groundwater,4.264817824,NA,NA,PD-rssct,15,0.043165468,0,0,1,0,0,NA,3.937350582,NA,NA,0,NA
142,52,NA,"1,2 DCA",VOCs,NA,0,4200,4.2,0.42,0.64,0.1,0.11,0.6352,2.573,7.4,0.494,963,bituminous coal,Norit GAC 400,7.8,1.5,0.02,CO II,groundwater,4.1430148,NA,NA,PD-rssct,7.5,0.043165468,0,0,1,0,0,NA,3.839908163,NA,NA,0,NA
143,52,NA,"1,2 DCA",VOCs,NA,0,200,0.2,0.42,0.64,0.1,0.11,0.6352,2.573,7.4,0.494,963,bituminous coal,Norit GAC 400,6.8,0.1,0,DI,deionized water,4.240549249,NA,NA,PD-rssct,7.5,0.043165468,0,0,1,0,0,NA,3.917935722,NA,NA,0,NA
144,52,NA,"1,2 DCA",VOCs,NA,0,200,0.2,0.42,0.64,0.1,0.11,0.6352,2.573,7.4,0.494,963,bituminous coal,Norit GAC 400,6.8,0.1,0,DI,deionized water,4.243038049,NA,NA,PD-rssct,15,0.043165468,0,0,1,0,0,NA,3.919926762,NA,NA,0,NA
145,52,NA,"1,2 DCA",VOCs,NA,0,5000,5,0.42,0.64,0.1,0.11,0.6352,2.573,7.4,0.494,963,bituminous coal,Norit GAC 400,6.8,0.1,0,DI,deionized water,4.450249109,NA,NA,PD-rssct,15,0.043165468,0,0,1,0,0,NA,4.08569561,NA,NA,0,NA
146,52,NA,"1,2 DCA",VOCs,NA,0,5000,5,0.42,0.64,0.1,0.11,0.6352,2.573,7.4,0.494,963,bituminous coal,Norit GAC 400,6.8,0.1,0,DI,deionized water,4.481442629,NA,NA,PD-rssct,7.5,0.043165468,0,0,1,0,0,NA,4.110650426,NA,NA,0,NA
147,52,NA,"1,2 DCA",VOCs,NA,0,500,0.5,0.42,0.64,0.1,0.11,0.6352,2.573,7.4,0.494,963,bituminous coal,Norit GAC 400,8.2,0.8,0.012,dilCO II,groundwater,4.220108089,NA,NA,PD-rssct,7.5,0.043165468,0,0,1,0,0,NA,3.901582794,NA,NA,0,NA
148,52,NA,"1,2 DCA",VOCs,NA,0,4800,4.8,0.42,0.64,0.1,0.11,0.6352,2.573,7.4,0.494,963,bituminous coal,Norit GAC 400,8.2,0.8,0.012,dilCO II,groundwater,4.227886705,NA,NA,PD-rssct,7.5,0.043165468,0,0,1,0,0,NA,3.907805687,NA,NA,0,NA
149,52,NA,"1,2 DCA",VOCs,NA,0,500,0.5,0.42,0.64,0.1,0.11,0.6352,2.573,7.4,0.494,963,bituminous coal,Norit GAC 400,7.8,1,0.016,OH,groundwater,4.238046104,NA,NA,PD-rssct,15,0.043165468,0,0,1,0,0,NA,3.915933206,NA,NA,0,NA
150,52,NA,"1,2 DCA",VOCs,NA,0,500,0.5,0.42,0.64,0.1,0.11,0.6352,2.573,7.4,0.494,963,bituminous coal,Norit GAC 400,7.8,1,0.016,OH,groundwater,4.330413774,NA,NA,PD-rssct,7.5,0.043165468,0,0,1,0,0,NA,3.989827342,NA,NA,0,NA
226,62,8,"1,2 DCA",VOCs,NA,0,5600,5.6,0.42,0.64,0.1,0.11,0.6352,2.573,7.4,0.185185185,963,bituminous coal,Norit GAC 400,7.5,1,0.0155,OH GW,groundwater,4.288783693,4.358839404,4.205212224,PD-rssct,7.5,NA,0,NA,1,0,0,NA,3.956523277,4.012567846,3.889666103,0,NA
227,62,32,"1,2 DCA",VOCs,NA,0,5600,5.6,0.42,0.64,0.1,0.11,0.6352,2.573,7.4,0.185185185,963,bituminous coal,Norit GAC 400,7,0.3,0.0044,CO I,groundwater,4.291177979,4.308102239,4.273567351,PD-rssct,7.5,NA,0,NA,1,0,0,NA,3.958438706,3.971978114,3.944350204,0,C0 found in thesis
228,62,33,"1,2 DCA",VOCs,NA,0,5600,5.6,0.42,0.64,0.1,0.11,0.6352,2.573,7.4,0.185185185,963,bituminous coal,Norit GAC 400,7.8,1.5,0.0202,CO II,groundwater,4.166944582,4.17526728,4.158459269,PD-rssct,7.5,NA,0,NA,1,0,0,NA,3.859051989,3.865710147,3.852263739,0,C0 found in thesis
229,62,34,"1,2 DCA",VOCs,NA,0,5600,5.6,0.42,0.64,0.1,0.11,0.6352,2.573,7.4,0.185185185,963,bituminous coal,Norit GAC 400,7,0.3,0.0044,CO I,groundwater,4.307445526,4.326404134,4.287621374,PD-rssct,15,NA,0,NA,1,0,0,NA,3.971452744,3.98661963,3.955593422,0,C0 found in thesis
230,62,35,"1,2 DCA",VOCs,NA,0,5600,5.6,0.42,0.64,0.1,0.11,0.6352,2.573,7.4,0.185185185,963,bituminous coal,Norit GAC 400,7.8,1.5,0.0202,CO II,groundwater,4.146884719,4.157759877,4.157759877,PD-rssct,15,NA,0,NA,1,0,0,NA,3.843004099,3.851704224,3.851704224,0,C0 found in thesis
231,62,7,"1,2 DCP",VOCs,NA,0,4700,4.7,0.37,0.63,0,0.17,0.7761,2.836,7.4,0.185185185,963,bituminous coal,Norit GAC 400,7.5,1,0.0155,OH GW,groundwater,4.757089519,4.770365908,4.743394438,PD-rssct,7.5,NA,0,NA,1,0,0,NA,4.331167938,4.34178905,4.320211873,0,NA
232,62,16,"1,2 DCP",VOCs,NA,0,4700,4.7,0.37,0.63,0,0.17,0.7761,2.836,7.4,0.185185185,963,bituminous coal,Norit GAC 400,7.5,1,0.0155,OH GW,groundwater,4.765385909,4.793931871,4.789550088,PD-rssct,15,NA,0,NA,1,0,0,NA,4.337805051,4.36064182,4.357136394,0,NA
288,78,4,"1,2 DCP",VOCs,NA,0,5000,5,0.37,0.63,0,0.17,0.7761,2.836,7.4,0.185185185,963,bituminous coal,Norit GAC 400,7.8,1.6,0.022,CO II,groundwater,4.619510721,NA,NA,PD-rssct,7.5,NA,NA,NA,1,0,0,NA,4.2211049,NA,NA,0,NA
289,78,5,"1,2 DCP",VOCs,NA,0,5000,5,0.37,0.63,0,0.17,0.7761,2.836,7.4,0.185185185,963,bituminous coal,Norit GAC 400,7.9,3.5,0.039,FL GW,groundwater,4.557507202,NA,NA,PD-rssct,7.5,NA,NA,NA,1,0,0,NA,4.171502085,NA,NA,0,NA
290,78,6,"1,2 DCP",VOCs,NA,0,5000,5,0.37,0.63,0,0.17,0.7761,2.836,7.4,0.185185185,963,bituminous coal,Norit GAC 400,7.9,1.6,0.105,FL DIL,groundwater,4.290034611,NA,NA,PD-rssct,7.5,NA,NA,NA,1,0,0,NA,3.957524012,NA,NA,0,NA
291,78,11,"1,2 DCP",VOCs,NA,0,5000,5,0.37,0.63,0,0.17,0.7761,2.836,7.4,0.185185185,963,bituminous coal,Norit GAC 400,7.8,1.6,0.022,CO II,groundwater,4.574609941,NA,NA,PD-rssct,15,NA,NA,NA,1,0,0,NA,4.185184276,NA,NA,0,NA
292,78,12,"1,2 DCP",VOCs,NA,0,5000,5,0.37,0.63,0,0.17,0.7761,2.836,7.4,0.185185185,963,bituminous coal,Norit GAC 400,7.9,3.5,0.039,FL GW,groundwater,4.557507202,NA,NA,PD-rssct,15,NA,NA,NA,1,0,0,NA,4.171502085,NA,NA,0,NA
293,78,13,"1,2 DCP",VOCs,NA,0,5000,5,0.37,0.63,0,0.17,0.7761,2.836,7.4,0.185185185,963,bituminous coal,Norit GAC 400,7.9,1.6,0.105,FL DIL,groundwater,4.311753861,NA,NA,PD-rssct,15,NA,NA,NA,1,0,0,NA,3.974899412,NA,NA,0,NA
294,78,34,"1,2 DCP",VOCs,NA,0,5000,5,0.37,0.63,0,0.17,0.7761,2.836,7.4,0.185185185,963,bituminous coal,Norit GAC 400,7.8,1.6,0.022,CO II,groundwater,4.816705184,NA,NA,"PD-rssct, low temp",7.5,NA,NA,NA,1,0,0,NA,4.37886047,NA,NA,0,NA
295,78,40,"1,2 DCP",VOCs,NA,0,5000,5,0.37,0.63,0,0.17,0.7761,2.836,7.4,0.185185185,963,bituminous coal,Norit GAC 400,7.8,1.6,0.022,CO II,groundwater,4.816970038,NA,NA,"PD-rssct, low temp",7.5,NA,NA,NA,1,0,0,NA,4.379072353,NA,NA,0,NA
233,62,3,"1,2,3 TCP",VOCs,NA,0,7300,7.3,0.52,0.79,0,0,0.8985,3.59,7.4,0.185185185,963,bituminous coal,Norit GAC 400,7.5,1,0.0155,OH GW,groundwater,5.034581345,5.061314862,5.006093644,PD-rssct,7.5,NA,0,NA,1,0,0,NA,4.553161399,4.574548212,4.530371238,0,NA
234,62,12,"1,2,3 TCP",VOCs,NA,0,7300,7.3,0.52,0.79,0,0,0.8985,3.59,7.4,0.185185185,963,bituminous coal,Norit GAC 400,7.5,1,0.0155,OH GW,groundwater,4.99965108,5.013759944,4.985068429,PD-rssct,15,NA,0,NA,1,0,0,NA,4.525217187,4.536504279,4.513551066,0,NA
296,78,7,"1,2,3 TCP",VOCs,NA,0,5000,5,0.52,0.79,0,0,0.8985,3.59,7.4,0.185185185,963,bituminous coal,Norit GAC 400,7.8,1.6,0.022,CO II,groundwater,5.039493435,NA,NA,PD-rssct,7.5,NA,NA,NA,1,0,0,NA,4.557091071,NA,NA,0,NA
297,78,14,"1,2,3 TCP",VOCs,NA,0,5000,5,0.52,0.79,0,0,0.8985,3.59,7.4,0.185185185,963,bituminous coal,Norit GAC 400,7.8,1.6,0.022,CO II,groundwater,4.933689709,NA,NA,PD-rssct,15,NA,NA,NA,1,0,0,NA,4.47244809,NA,NA,0,NA
298,78,36,"1,2,3 TCP",VOCs,NA,0,5000,5,0.52,0.79,0,0,0.8985,3.59,7.4,0.185185185,963,bituminous coal,Norit GAC 400,7.8,1.6,0.022,CO II,groundwater,5.054613055,NA,NA,"PD-rssct, low temp",7.5,NA,NA,NA,1,0,0,NA,4.569186767,NA,NA,0,NA
308,16,NA,Acetochlor,Pesticides,NA,0,392,0.392,1.16,1.3,0,1.3,2.1402,9.25,8.8,0.724304716,1468,bituminous coal,Norit 1240,6.2,1.7,0.024,"D,LM",surface water,4.929418926,NA,NA,pilot,7,0.409356725,0,0,0,0,1,NA,4.929418926,NA,0,0,NA
321,16,NA,Acetochlor,Pesticides,NA,0,392,0.392,1.16,1.3,0,1.3,2.1402,9.25,8.03,0.840102829,899,bituminous coal,calgon F300,7.7,2.8,0.044,"B, ozonated BEM",surface water,4.892094603,NA,NA,pilot,7.5,0.409356725,0,0,0,0,1,NA,4.892094603,NA,0,0,added
1,17,NA,Acetochlor,Pesticides,NA,0,392,0.392,1.16,1.3,0,1.3,2.1402,9.25,8.8,0.724304716,1468,bituminous coal,Norit 1240,7,3.9,0.097,"A, coagulated BEM",surface water,5.021189299,NA,NA,PD-rssct,7,0.409356725,0,0,1,0,0,NA,4.542447762,NA,NA,0,NA
7,17,NA,Acetochlor,Pesticides,NA,0,392,0.392,1.16,1.3,0,1.3,2.1402,9.25,8.8,0.724304716,1468,bituminous coal,Norit 1240,7,3.9,0.097,"A, coagulated BEM",surface water,5.380211242,NA,NA,PD-rssct,15,0.409356725,0,0,1,0,0,NA,4.829665316,NA,NA,0,NA
11,17,NA,Acetochlor,Pesticides,NA,0,392,0.392,1.16,1.3,0,1.3,2.1402,9.25,8.03,0.840102828,899,bituminous coal,calgon F300,7.7,2.4,0.04,"B, ozonated BEM",surface water,5.146128036,NA,NA,PD-rssct,7.5,0.409356725,0,0,1,0,0,NA,4.642398752,NA,NA,0,NA
15,17,NA,Acetochlor,Pesticides,NA,0,392,0.392,1.16,1.3,0,1.3,2.1402,9.25,8.8,0.724304716,1468,bituminous coal,Norit 1240,6,1.6,0.025,"C, OWASA",surface water,4.903089987,NA,NA,PD-rssct,7,0.409356725,0,0,1,0,0,NA,4.447968313,NA,NA,0,corrected
21,17,NA,Acetochlor,Pesticides,NA,0,392,0.392,1.16,1.3,0,1.3,2.1402,9.25,8.8,0.724304716,1468,bituminous coal,Norit 1240,7,1.4,0.018,"D, LM",surface water,5.322219295,NA,NA,PD-rssct,7,0.409356725,0,0,1,0,0,NA,4.783271759,NA,NA,0,NA
69,51,NA,Acetochlor,Pesticides,NA,0,200,0.2,1.16,1.3,0,1.3,2.1402,9.25,8.03,0.840102828,899,bituminous coal,calgon F300,8.1,2.11,0.056,conventional,surface water,4.991226076,NA,NA,PDrssct,7.5,0.409356725,0,0,1,0,0,0,4.518477184,NA,NA,0,author fitted psdm
70,51,NA,Acetochlor,Pesticides,NA,0,200,0.2,1.16,1.3,0,1.3,2.1402,9.25,8.03,0.840102828,899,bituminous coal,calgon F300,8.2,2.1,0.037,MIEX,surface water,4.897627091,NA,NA,PD-rssct,7.5,0.409356725,0,0,1,0,0,0,4.443597996,NA,NA,0,author fitted psdm
71,51,NA,Acetochlor,Pesticides,NA,0,200,0.2,1.16,1.3,0,1.3,2.1402,9.25,8.03,0.840102829,899,bituminous coal,calgon F300,8,3.85,0.061,ozone/bio,surface water,4.681241237,NA,NA,PD-rssct,7.5,0.409356725,0,0,1,0,0,0,4.270489313,NA,NA,0,author fitted psdm
72,51,NA,Acetochlor,Pesticides,NA,0,200,0.2,1.16,1.3,0,1.3,2.1402,9.25,8.03,0.840102829,899,bituminous coal,calgon F300,8.1,3,0.045,ozone/bio,surface water,4.929418926,NA,NA,PD-rssct,7.5,0.409356725,0,0,1,0,0,0,4.469031464,NA,NA,0,author fitted psdm
73,51,NA,Acetochlor,Pesticides,NA,0,200,0.2,1.16,1.3,0,1.3,2.1402,9.25,8.03,0.840102829,899,bituminous coal,calgon F300,8.1,2.17,0.033,ozone/bio,surface water,4.973127854,NA,NA,PD-rssct,7.5,0.409356725,0,0,1,0,0,0,4.503998606,NA,NA,0,author fitted psdm
153,57,NA,Acetochlor,Pesticides,NA,0,200,0.2,1.16,1.3,0,1.3,2.1402,9.25,8.8,0.724304716,1468,bituminous coal,Norit 1240,6,2.02,0.032,OWASA,surface water,4.698970004,NA,NA,CD-rssct,7,0.409356725,0,0,0,1,0,NA,4.284672327,NA,NA,0,"author PSDM, corrected"
158,57,NA,Acetochlor,Pesticides,NA,0,200,0.2,1.16,1.3,0,1.3,2.1402,9.25,8.8,0.724304716,1468,bituminous coal,Norit 1240,6,2.02,0.032,OWASA,surface water,5.339451441,NA,NA,PD-rssct,7,0.409356725,0,0,1,0,0,NA,4.797057476,NA,NA,0,"author PSDM, corrected"
309,16,NA,Aldicarb,Pesticides,14.33,0,450,0.45,0.77,1.52,0.23,1.33,1.4894,5.622,8.8,0.724304716,1468,bituminous coal,Norit 1240,7,3.9,0.098,"A, coag BEM",surface water,4.812913357,NA,NA,pilot,7,0.187919463,0,0,0,0,1,NA,4.812913357,NA,0,0,NA
310,16,NA,Aldicarb,Pesticides,14.33,0,450,0.45,0.77,1.52,0.23,1.33,1.4894,5.622,8.03,0.840102829,899,bituminous coal,calgon F300,7.7,2.8,0.044,"B, ozonated BEM",surface water,4.72427587,NA,NA,pilot,7.5,0.187919463,0,0,0,0,1,NA,4.72427587,NA,0,0,NA
311,16,NA,Aldicarb,Pesticides,14.33,0,450,0.45,0.77,1.52,0.23,1.33,1.4894,5.622,8.8,0.724304716,1468,bituminous coal,Norit 1240,6.2,1.7,0.024,"D,LM",surface water,5,NA,NA,pilot,7,0.187919463,0,0,0,0,1,NA,5,NA,0,0,NA
2,17,NA,Aldicarb,Pesticides,14.33,0,450,0.45,0.77,1.52,0.23,1.33,1.4894,5.622,8.8,0.724304716,1468,bituminous coal,Norit 1240,7,3.9,0.097,"A, coagulated BEM",surface water,5.079181246,NA,NA,PD-rssct,7,0.187919463,0,0,1,0,0,NA,4.58884132,NA,NA,0,NA
8,17,NA,Aldicarb,Pesticides,14.33,0,450,0.45,0.77,1.52,0.23,1.33,1.4894,5.622,8.8,0.724304716,1468,bituminous coal,Norit 1240,7,3.9,0.097,"A, coagulated BEM",surface water,5.414973347,NA,NA,PD-rssct,15,0.187919463,0,0,1,0,0,NA,4.857475001,NA,NA,0,NA
12,17,NA,Aldicarb,Pesticides,14.33,0,450,0.45,0.77,1.52,0.23,1.33,1.4894,5.622,8.03,0.84010283,899,bituminous coal,calgon F300,7.7,2.4,0.04,"B, ozonated BEM",surface water,5.06069784,NA,NA,PD-rssct,7.5,0.187919463,0,0,1,0,0,NA,4.574054595,NA,NA,0,NA
16,17,NA,Aldicarb,Pesticides,14.33,0,450,0.45,0.77,1.52,0.23,1.33,1.4894,5.622,8.8,0.724304716,1468,bituminous coal,Norit 1240,6,1.6,0.025,"C, OWASA",surface water,5.230448921,NA,NA,PD-rssct,7,0.187919463,0,0,1,0,0,NA,4.70985546,NA,NA,0,NA
22,17,NA,Aldicarb,Pesticides,14.33,0,450,0.45,0.77,1.52,0.23,1.33,1.4894,5.622,8.8,0.724304716,1468,bituminous coal,Norit 1240,7,1.4,0.018,"D, LM",surface water,5.531478917,NA,NA,PD-rssct,7,0.187919463,0,0,1,0,0,NA,4.950679457,NA,NA,0,NA
74,51,NA,Aldicarb,Pesticides,14.33,0,200,0.2,1.52,0.23,1.33,1.4894,5.622,8.03,8.03,0.84010283,899,bituminous coal,calgon F300,8.1,2.11,0.056,conventional,surface water,5.068185861,NA,NA,PDrssct,7.5,0.187919463,0,0,1,0,0,0,4.580045012,NA,NA,0,author fitted psdm
75,51,NA,Aldicarb,Pesticides,14.33,0,200,0.2,1.52,0.23,1.33,1.4894,5.622,8.03,8.03,0.84010283,899,bituminous coal,calgon F300,8.2,2.1,0.037,MIEX,surface water,4.826074802,NA,NA,PD-rssct,7.5,0.187919463,0,0,1,0,0,0,4.386356165,NA,NA,0,author fitted psdm
76,51,NA,Aldicarb,Pesticides,14.33,0,200,0.2,1.52,0.23,1.33,1.4894,5.622,8.03,8.03,0.840102831,899,bituminous coal,calgon F300,8,3.85,0.061,ozone/bio,surface water,4.591064607,NA,NA,PD-rssct,7.5,0.187919463,0,0,1,0,0,0,4.198348009,NA,NA,0,author fitted psdm
77,51,NA,Aldicarb,Pesticides,14.33,0,200,0.2,1.52,0.23,1.33,1.4894,5.622,8.03,8.03,0.84010283,899,bituminous coal,calgon F300,8.1,2.17,0.033,ozone/bio,surface water,4.913813852,NA,NA,PD-rssct,7.5,0.187919463,0,0,1,0,0,0,4.456547405,NA,NA,0,author fitted psdm
78,51,NA,Aldicarb,Pesticides,14.33,0,200,0.2,1.52,0.23,1.33,1.4894,5.622,8.03,8.03,0.840102831,899,bituminous coal,calgon F300,8.1,3,0.045,ozone/bio,surface water,4.919078092,NA,NA,PD-rssct,7.5,0.187919463,0,0,1,0,0,0,4.460758797,NA,NA,0,author fitted psdm
3,17,NA,Atrazine,Pesticides,14.48,0.001,18,0.018,1.22,1.29,0.17,1.01,1.6196,7.783,8.8,0.724304716,1468,bituminous coal,Norit 1240,7,3.9,0.097,"A, coagulated BEM",surface water,5.342422681,NA,NA,PD-rssct,7,0.165605096,0,0,1,0,0,NA,4.799434468,NA,NA,0,NA
17,17,NA,Atrazine,Pesticides,14.48,0.0101,18,0.018,1.22,1.29,0.17,1.01,1.6196,7.783,8.8,0.724304716,1468,bituminous coal,Norit 1240,6,1.6,0.025,"C, OWASA",surface water,5.361727836,NA,NA,PD-rssct,7,0.165605096,0,0,1,0,0,NA,4.814878592,NA,NA,0,NA
23,17,NA,Atrazine,Pesticides,14.48,0.001,18,0.018,1.22,1.29,0.17,1.01,1.6196,7.783,8.8,0.724304716,1468,bituminous coal,Norit 1240,7,1.4,0.018,"D, LM",surface water,5.33243846,NA,NA,PD-rssct,7,0.165605096,0,0,1,0,0,NA,4.791447091,NA,NA,0,NA
53,35,1,Atrazine,Pesticides,14.48,0,165,0.165,1.22,1.29,0.17,1.01,1.6196,7.783,6.4,0.445603577,671,lignite coal,norit darco 1240,8.4,5.4,0.184,surface water,surface water,3.906583828,4.034603734,3.724263865,CD-rssct,5.2,0.165605096,0,0,0,1,0,0,3.650763385,3.75317931,3.504907415,0,corrected
54,35,2,Atrazine,Pesticides,14.48,0.002,165,0.165,1.22,1.29,0.17,1.01,1.6196,7.783,6.4,0.445603577,671,lignite coal,norit darco 1240,6.7,4.3,0.096,synthetic water,synthetic surface water,4.142398121,4.174866828,4.107304419,CD-rssct,5.2,0.165605096,0,0,0,1,0,0,3.83941482,3.865389785,3.811339859,0,corrected
154,57,NA,Atrazine,Pesticides,14.48,0.0101,10,0.01,1.22,1.29,0.17,1.01,1.6196,7.783,8.8,0.724304716,1468,bituminous coal,Norit 1240,6,2.02,0.032,OWASA,surface water,5.062205809,NA,NA,CD-rssct,7,0.165605096,0,0,0,1,0,NA,4.57526097,NA,NA,0,"author PSDM, corrected"
159,57,NA,Atrazine,Pesticides,14.48,0.0101,10,0.01,1.22,1.29,0.17,1.01,1.6196,7.783,8.8,0.724304716,1468,bituminous coal,Norit 1240,6,2.02,0.032,OWASA,surface water,5.372912003,NA,NA,PD-rssct,7,0.165605096,0,0,1,0,0,NA,4.823825925,NA,NA,0,"author PSDM, corrected"
376,57,NA,Atrazine,Pesticides,14.48,0.0101,10,0.01,1.22,1.29,0.17,1.01,1.6196,7.783,8.8,0.724304716,1468,bituminous coal,Norit 1240,6,2.02,0.032,OWASA,surface water,4.925827575,NA,NA,pilot,7,0.165605096,0,0,0,0,1,NA,4.925827575,NA,NA,0,author PSDM
174,60,8,Atrazine,Pesticides,4.2,3.00E-04,100,0.1,1.22,1.29,0.17,1.01,1.6196,7.783,8.03,0.3268,899,bituminous coal,calgon F300,7.6,2.3,0.062,"Water B, river",surface water,5.064399535,5.075880989,5.052606284,PD-rssct,10,0.165605096,0,0,1,0,0,0,4.577015951,4.586201114,4.56758135,0,NA
171,60,1,Bisphenol A,Industrial compounds,9.78,-0.098,100,0.1,1.61,1.49,1.01,0.91,1.8643,9.239,5.5,0.29,1110,bituminous coal,Norit N1240,7.6,2.3,0.062,"Water B, river",surface water,3.325538751,3.460000476,3.129751205,"PD-rssct, .61mm",10,0.355421687,0,0,1,0,0,0,3.185927324,3.293496704,3.029297287,0,NA
172,60,2,Bisphenol A,Industrial compounds,9.78,-0.098,100,0.1,1.61,1.49,1.01,0.91,1.8643,9.239,5.5,0.29,1110,bituminous coal,Norit N1240,7.6,2.3,0.062,"Water B, river",surface water,3.761207786,3.84971116,3.649928307,"PD-rssct, .20mm",10,0.355421687,0,0,1,0,0,0,3.534462552,3.605265251,3.445438968,0,NA
173,60,3,Bisphenol A,Industrial compounds,9.78,-0.098,100,0.1,1.61,1.49,1.01,0.91,1.8643,9.239,5.5,0.29,1110,bituminous coal,Norit N1240,7.6,2.3,0.062,"Water B, river",surface water,3.854921994,3.980401307,3.654961909,"PD-rssct, .11mm",10,0.355421687,0,0,1,0,0,0,3.609433919,3.709817369,3.44946585,0,NA
325,16,NA,Carbamazepine,Pharmaceuticals,15.96,0,64,0.064,2.15,1.9,0.5,1.15,1.8106,10.07,8.8,0.724304716,1468,bituminous coal,Norit 1240,7,3.9,0.098,"A, coag BEM",surface water,4.903089987,NA,NA,pilot,7,0.462025316,0,0,0,0,1,NA,4.903089987,NA,0,0,NA
326,16,NA,Carbamazepine,Pharmaceuticals,15.96,0,64,0.064,2.15,1.9,0.5,1.15,1.8106,10.07,8.8,0.724304716,1468,bituminous coal,Norit 1240,6.2,1.7,0.024,"D,LM",surface water,4.954242509,NA,NA,pilot,7,0.462025316,0,0,0,0,1,NA,4.954242509,NA,0,0,NA
32,17,NA,Carbamazepine,Pharmaceuticals,15.96,0,64,0.064,2.15,1.9,0.5,1.15,1.8106,10.07,8.8,0.724304716,1468,bituminous coal,Norit 1240,7,3.9,0.097,"A, coagulated BEM",surface water,5.491361694,NA,NA,PD-rssct,7,0.462025316,0,0,1,0,0,NA,4.918585678,NA,NA,0,NA
42,17,NA,Carbamazepine,Pharmaceuticals,15.96,0,64,0.064,2.15,1.9,0.5,1.15,1.8106,10.07,8.8,0.724304716,1468,bituminous coal,Norit 1240,6,1.6,0.025,"C, OWASA",surface water,5.414973347,NA,NA,PD-rssct,7,0.462025316,0,0,1,0,0,NA,4.857475001,NA,NA,0,NA
47,17,NA,Carbamazepine,Pharmaceuticals,15.96,0,64,0.064,2.15,1.9,0.5,1.15,1.8106,10.07,8.8,0.724304716,1468,bituminous coal,Norit 1240,7,1.4,0.018,"D, LM",surface water,5.51851394,NA,NA,PD-rssct,7,0.462025316,0,0,1,0,0,NA,4.940307475,NA,NA,0,NA
63,35,7,Carbamazepine,Pharmaceuticals,15.96,0,157,0.157,2.15,1.9,0.5,1.15,1.8106,10.07,6.4,0.445603577,671,lignite coal,norit darco 1240,8.4,5.4,0.184,surface water,surface water,3.979863323,4.127474534,3.754534003,CD-rssct,5.2,0.462025316,0,0,0,1,0,0,3.709386981,3.827475951,3.529123526,0,corrected
64,35,8,Carbamazepine,Pharmaceuticals,15.96,0,157,0.157,2.15,1.9,0.5,1.15,1.8106,10.07,6.4,0.445603577,671,lignite coal,norit darco 1240,6.7,4.3,0.096,synthetic water,synthetic surface water,4.158106572,4.212238721,4.096253391,CD-rssct,5.2,0.462025316,0,0,0,1,0,0,3.851981581,3.8952873,3.802499036,0,corrected
65,35,9,Carbamazepine,Pharmaceuticals,15.96,0,157,0.157,2.15,1.9,0.5,1.15,1.8106,10.07,6.4,0.445603577,671,lignite coal,norit darco 1240,7.5,7,0.162,waste water,WW impacted,3.642153577,3.739147583,3.517074817,CD-rssct,5.2,0.462025316,0,0,0,1,0,0,3.439219185,3.516814389,3.339156176,0,corrected
85,51,NA,Carbamazepine,Pharmaceuticals,15.96,0,200,0.2,2.15,1.9,0.5,1.15,1.8106,10.07,8.03,0.840102832,899,bituminous coal,calgon F300,8,3.85,0.061,ozone/bio,surface water,4.991226076,NA,NA,PD-rssct,7.5,0.462025316,0,0,1,0,0,0,4.518477184,NA,NA,0,author fitted psdm
163,57,NA,Carbamazepine,Pharmaceuticals,15.96,0,100,0.1,2.15,1.9,0.5,1.15,1.8106,10.07,8.8,0.724304716,1468,bituminous coal,Norit 1240,6,2.02,0.032,OWASA,surface water,4.946943271,NA,NA,CD-rssct,7,0.462025316,0,0,0,1,0,NA,4.48305094,NA,NA,0,"author PSDM, corrected"
166,57,NA,Carbamazepine,Pharmaceuticals,15.96,0,100,0.1,2.15,1.9,0.5,1.15,1.8106,10.07,8.8,0.724304716,1468,bituminous coal,Norit 1240,6,2.02,0.032,OWASA,surface water,5.432809005,NA,NA,PD-rssct,7,0.462025316,0,0,1,0,0,NA,4.871743527,NA,NA,0,"author PSDM, corrected"
386,57,NA,Carbamazepine,Pharmaceuticals,15.96,0,100,0.1,2.15,1.9,0.5,1.15,1.8106,10.07,8.8,0.724304716,1468,bituminous coal,Norit 1240,6,2.02,0.032,OWASA,surface water,4.946943271,NA,NA,pilot,7,0.462025316,0,0,0,0,1,NA,4.946943271,NA,NA,0,author PSDM
169,59,NA,Carbamazepine,Pharmaceuticals,15.96,0,830,0.83,2.15,1.9,0.5,1.15,1.8106,10.07,8.03,0.840102832,899,bituminous coal,calgon F300,7.8,5.25,0.1465,wwtp eff,surface water,3.725496323,NA,NA,"gacnf, CD-rssct",10,0.462025316,0,0,0,1,0,0,3.505893382,NA,NA,0,author tabulated bv11
269,77,1,Carbamazepine,Pharmaceuticals,NA,0,370,0.37,2.15,1.9,0.5,1.15,1.8106,10.07,6.4,0.445603577,671,lignite coal,norit darco 1240,7.5,7,0.162,WWTP 1,WW impacted,3.579783597,NA,NA,CD-rssct,5.2,NA,NA,NA,0,1,0,NA,3.3893232,NA,NA,0,NA
270,77,2,Carbamazepine,Pharmaceuticals,NA,0,350,0.35,2.15,1.9,0.5,1.15,1.8106,10.07,6.4,0.445603577,671,lignite coal,norit darco 1240,7.9,6.3,0.16,WWTP 2,WW impacted,3,NA,NA,CD-rssct,5.2,NA,NA,NA,0,1,0,NA,2.925496323,NA,NA,0,NA
271,77,3,Carbamazepine,Pharmaceuticals,NA,0,390,0.39,2.15,1.9,0.5,1.15,1.8106,10.07,6.4,0.445603577,671,lignite coal,norit darco 1240,7.3,10.1,0.156,WWTP 3,WW impacted,3.86923172,NA,NA,CD-rssct,5.2,NA,NA,NA,0,1,0,NA,3.620881699,NA,NA,0,NA
272,77,4,Carbamazepine,Pharmaceuticals,NA,0,190,0.19,2.15,1.9,0.5,1.15,1.8106,10.07,6.4,0.445603577,671,lignite coal,norit darco 1240,7.4,4.8,0.098,WWTP 4,WW impacted,3.77815125,NA,NA,CD-rssct,5.2,NA,NA,NA,0,1,0,NA,3.548017323,NA,NA,0,NA
151,52,NA,CT,VOCs,NA,0,1800,1.8,0.46,0.38,0,0,0.7391,2.823,7.4,0.494,963,bituminous coal,Norit GAC 400,7.8,1.5,0.02,CO II,groundwater,4.720159304,NA,NA,PD-rssct,7.5,0.00729927,0,0,1,0,0,NA,4.301623766,NA,NA,0,NA
152,52,NA,CT,VOCs,NA,0,1800,1.8,0.46,0.38,0,0,0.7391,2.823,7.4,0.494,963,bituminous coal,Norit GAC 400,7.8,1.5,0.02,CO II,groundwater,4.790285164,NA,NA,PD-rssct,15,0.00729927,0,0,1,0,0,NA,4.357724454,NA,NA,0,NA
237,62,4,CT,VOCs,NA,0,4000,4,0.46,0.38,0,0,0.7391,2.823,7.4,0.185185185,963,bituminous coal,Norit GAC 400,7.5,1,0.0155,OH GW,groundwater,4.950274981,4.978361998,4.920245126,PD-rssct,7.5,NA,0,NA,1,0,0,NA,4.485716308,4.508185921,4.461692424,0,NA
238,62,13,CT,VOCs,NA,0,4000,4,0.46,0.38,0,0,0.7391,2.823,7.4,0.185185185,963,bituminous coal,Norit GAC 400,7.5,1,0.0155,OH GW,groundwater,4.868345733,4.896422446,4.868769058,PD-rssct,15,NA,0,NA,1,0,0,NA,4.42017291,4.44263428,4.42051157,0,NA
299,1,3,Diatrizoic acid,Pharmaceuticals,2.17,-1,3000,3,3.37,3.18,1.23,1.28,2.5009,13.798,8.1,0.746008169,1083,lignite coal,donau carbon epibon a 8*30,7,11.4,0.248,secondary effluent,WW impacted,3.261340187,3.298108416,3.221168743,pilot up flow,19,0.394594595,0,0,0,0,1,0,3.134568472,3.163983056,3.102431318,0,NA
300,1,4,Diatrizoic acid,Pharmaceuticals,2.17,-1,3000,3,3.37,3.18,1.23,1.28,2.5009,13.798,8.1,0.746008169,1083,lignite coal,donau carbon epibon a 8*30,7,11.4,0.248,secondary effluent,WW impacted,3.030080778,3.112653305,2.928033668,pilot dual media,14,0.394594595,0,0,0,0,1,0,2.949560945,3.015618967,2.867923257,0,NA
301,1,5,Diclofenac,Pharmaceuticals,4,-0.999,6300,6.3,1.81,1.85,0.55,0.77,2.025,11.025,8.1,0.746008169,1083,lignite coal,donau carbon epibon a 8*30,7,11.4,0.248,secondary effluent,WW impacted,3.804133501,3.958493025,3.562448586,pilot up flow,19,0.406417112,0,0,0,0,1,0,3.568803124,3.692290743,3.375455192,0,NA
302,1,6,Diclofenac,Pharmaceuticals,4,-0.999,6300,6.3,1.81,1.85,0.55,0.77,2.025,11.025,8.1,0.746008169,1083,lignite coal,donau carbon epibon a 8*30,7,11.4,0.248,secondary effluent,WW impacted,3.783464209,3.885397151,3.650022629,pilot dual media,14,0.406417112,0,0,0,0,1,0,3.55226769,3.633814044,3.445514426,0,NA
327,16,NA,Diclofenac,Pharmaceuticals,4,-0.9938,118,0.118,1.81,1.85,0.55,0.77,2.025,11.025,8.8,0.724304716,1468,bituminous coal,Norit 1240,6.2,1.7,0.024,"D,LM",surface water,5.033423755,NA,NA,pilot,7,0.406417112,0,0,0,0,1,NA,5.033423755,NA,0,0,NA
33,17,NA,Diclofenac,Pharmaceuticals,4,-0.999,118,0.118,1.81,1.85,0.55,0.77,2.025,11.025,8.8,0.724304716,1468,bituminous coal,Norit 1240,7,3.9,0.097,"A, coagulated BEM",surface water,4.95424251,NA,NA,PD-rssct,7,0.406417112,0,0,1,0,0,NA,4.488890331,NA,NA,0,NA
38,17,NA,Diclofenac,Pharmaceuticals,4,-0.9998,118,0.118,1.81,1.85,0.55,0.77,2.025,11.025,8.03,0.840102834,899,bituminous coal,calgon F300,7.7,2.4,0.04,"B, ozonated BEM",surface water,5.146128036,NA,NA,PD-rssct,7.5,0.406417112,0,0,1,0,0,NA,4.642398752,NA,NA,0,NA
43,17,NA,Diclofenac,Pharmaceuticals,4,-0.9902,118,0.118,1.81,1.85,0.55,0.77,2.025,11.025,8.8,0.724304716,1468,bituminous coal,Norit 1240,6,1.6,0.025,"C, OWASA",surface water,5.301029996,NA,NA,PD-rssct,7,0.406417112,0,0,1,0,0,NA,4.76632032,NA,NA,0,NA
48,17,NA,Diclofenac,Pharmaceuticals,4,-0.999,118,0.118,1.81,1.85,0.55,0.77,2.025,11.025,8.8,0.724304716,1468,bituminous coal,Norit 1240,7,1.4,0.018,"D, LM",surface water,5.531478917,NA,NA,PD-rssct,7,0.406417112,0,0,1,0,0,NA,4.950679457,NA,NA,0,NA
86,51,NA,Diclofenac,Pharmaceuticals,4,-0.9999,100,0.1,1.85,0.55,0.77,2.025,11.025,8.03,8.03,0.840102834,899,bituminous coal,calgon F300,8.1,2.11,0.056,conventional,surface water,4.875061264,NA,NA,PDrssct,7.5,0.406417112,0,0,1,0,0,0,4.425545334,NA,NA,0,author fitted psdm
87,51,NA,Diclofenac,Pharmaceuticals,4,-0.9999,100,0.1,1.85,0.55,0.77,2.025,11.025,8.03,8.03,0.840102835,899,bituminous coal,calgon F300,8.2,2.1,0.037,MIEX,surface water,4.832508912,NA,NA,PD-rssct,7.5,0.406417112,0,0,1,0,0,0,4.391503453,NA,NA,0,author fitted psdm
88,51,NA,Diclofenac,Pharmaceuticals,4,-0.9999,100,0.1,1.85,0.55,0.77,2.025,11.025,8.03,8.03,0.840102835,899,bituminous coal,calgon F300,8,3.85,0.061,ozone/bio,surface water,4.568201724,NA,NA,PD-rssct,7.5,0.406417112,0,0,1,0,0,0,4.180057702,NA,NA,0,author fitted psdm
89,51,NA,Diclofenac,Pharmaceuticals,4,-0.9999,100,0.1,1.85,0.55,0.77,2.025,11.025,8.03,8.03,0.840102835,899,bituminous coal,calgon F300,8.1,3,0.045,ozone/bio,surface water,4.908485019,NA,NA,PD-rssct,7.5,0.406417112,0,0,1,0,0,0,4.452284338,NA,NA,0,author fitted psdm
90,51,NA,Diclofenac,Pharmaceuticals,4,-0.9999,100,0.1,1.85,0.55,0.77,2.025,11.025,8.03,8.03,0.840102835,899,bituminous coal,calgon F300,8.1,2.17,0.033,ozone/bio,surface water,4.934498451,NA,NA,PD-rssct,7.5,0.406417112,0,0,1,0,0,0,4.473095084,NA,NA,0,author fitted psdm
273,77,5,Diphenhydramine,Pharmaceuticals,NA,0.959,300,0.3,1.31,1.11,0,1.22,2.1872,9.31,6.4,0.445603577,671,lignite coal,norit darco 1240,7.5,7,0.162,WWTP 1,WW impacted,4.230448921,NA,NA,CD-rssct,5.2,NA,NA,NA,0,1,0,NA,3.90985546,NA,NA,0,NA
274,77,6,Diphenhydramine,Pharmaceuticals,NA,0.903,900,0.9,1.31,1.11,0,1.22,2.1872,9.31,6.4,0.445603577,671,lignite coal,norit darco 1240,7.9,6.3,0.16,WWTP 2,WW impacted,3.477121255,NA,NA,CD-rssct,5.2,NA,NA,NA,0,1,0,NA,3.307193327,NA,NA,0,NA
275,77,7,Diphenhydramine,Pharmaceuticals,NA,0.974,490,0.49,1.31,1.11,0,1.22,2.1872,9.31,6.4,0.445603577,671,lignite coal,norit darco 1240,7.3,10.1,0.156,WWTP 3,WW impacted,4.278753601,NA,NA,CD-rssct,5.2,NA,NA,NA,0,1,0,NA,3.948499204,NA,NA,0,NA
328,16,NA,Erythromycin,Pharmaceuticals,9,0.9901,243,0.243,2.9,3.73,1.25,4.96,5.773,26.13,8.8,0.724304716,1468,bituminous coal,Norit 1240,7,3.9,0.098,"A, coag BEM",surface water,4.342422681,NA,NA,pilot,7,0.146464646,0,0,0,0,1,NA,4.342422681,NA,0,0,NA
329,16,NA,Erythromycin,Pharmaceuticals,9,0.9984,243,0.243,2.9,3.73,1.25,4.96,5.773,26.13,8.8,0.724304716,1468,bituminous coal,Norit 1240,6.2,1.7,0.024,"D,LM",surface water,4.819543936,NA,NA,pilot,7,0.146464646,0,0,0,0,1,NA,4.819543936,NA,0,0,NA
34,17,NA,Erythromycin,Pharmaceuticals,9,0.9901,243,0.243,2.9,3.73,1.25,4.96,5.773,26.13,8.8,0.724304716,1468,bituminous coal,Norit 1240,7,3.9,0.097,"A, coagulated BEM",surface water,4.903089987,NA,NA,PD-rssct,7,0.146464646,0,0,1,0,0,NA,4.447968313,NA,NA,0,NA
39,17,NA,Erythromycin,Pharmaceuticals,9,0.9525,243,0.243,2.9,3.73,1.25,4.96,5.773,26.13,8.03,0.840102836,899,bituminous coal,calgon F300,7.7,2.4,0.04,"B, ozonated BEM",surface water,5,NA,NA,PD-rssct,7.5,0.146464646,0,0,1,0,0,NA,4.525496323,NA,NA,0,NA
44,17,NA,Erythromycin,Pharmaceuticals,9,0.999,243,0.243,2.9,3.73,1.25,4.96,5.773,26.13,8.8,0.724304716,1468,bituminous coal,Norit 1240,6,1.6,0.025,"C, OWASA",surface water,5.462397997,NA,NA,PD-rssct,7,0.146464646,0,0,1,0,0,NA,4.895414721,NA,NA,0,NA
91,51,NA,Erythromycin,Pharmaceuticals,9,0.8886,200,0.2,2.9,3.73,1.25,4.96,5.773,26.13,8.03,0.840102836,899,bituminous coal,calgon F300,8.1,2.11,0.056,conventional,surface water,5.068185861,NA,NA,PDrssct,7.5,0.146464646,0,0,1,0,0,0,4.580045012,NA,NA,0,author fitted psdm
92,51,NA,Erythromycin,Pharmaceuticals,9,0.8637,200,0.2,2.9,3.73,1.25,4.96,5.773,26.13,8.03,0.840102836,899,bituminous coal,calgon F300,8.2,2.1,0.037,MIEX,surface water,4.924279286,NA,NA,PD-rssct,7.5,0.146464646,0,0,1,0,0,0,4.464919752,NA,NA,0,author fitted psdm
93,51,NA,Erythromycin,Pharmaceuticals,9,0.9095,200,0.2,2.9,3.73,1.25,4.96,5.773,26.13,8.03,0.840102837,899,bituminous coal,calgon F300,8,3.85,0.061,ozone/bio,surface water,4.633468456,NA,NA,PD-rssct,7.5,0.146464646,0,0,1,0,0,0,4.232271088,NA,NA,0,author fitted psdm
94,51,NA,Erythromycin,Pharmaceuticals,9,0.8886,200,0.2,2.9,3.73,1.25,4.96,5.773,26.13,8.03,0.840102837,899,bituminous coal,calgon F300,8.1,3,0.045,ozone/bio,surface water,4.991226076,NA,NA,PD-rssct,7.5,0.146464646,0,0,1,0,0,0,4.518477184,NA,NA,0,author fitted psdm
176,60,4,Erythromycin,Pharmaceuticals,9,0.9095,100,0.1,2.9,3.73,1.25,4.96,5.773,26.13,5.5,0.29,1110,bituminous coal,Norit N1240,7.6,2.3,0.062,"Water B, river",surface water,4.567191539,4.583267349,4.550497718,"PD-rssct, .61mm",10,NA,0,0,1,0,0,0,4.179249554,4.192110202,4.165894498,0,NA
177,60,5,Erythromycin,Pharmaceuticals,9,0.8637,100,0.1,2.9,3.73,1.25,4.96,5.773,26.13,5.5,0.29,1110,bituminous coal,Norit N1240,7.6,2.3,0.062,"Water B, river",surface water,4.619521289,4.62739968,4.611497335,"PD-rssct, .20mm",10,NA,0,0,1,0,0,0,4.221113355,4.227416067,4.214694191,0,NA
178,60,6,Erythromycin,Pharmaceuticals,9,0.8886,100,0.1,2.9,3.73,1.25,4.96,5.773,26.13,5.5,0.29,1110,bituminous coal,Norit N1240,7.6,2.3,0.062,"Water B, river",surface water,4.483653618,4.519583537,4.444480855,"PD-rssct, .11mm",10,NA,0,0,1,0,0,0,4.112419218,4.141163153,4.081081007,0,NA
356,50,34,GenX,PFASs,NA,-1,21.20833333,0.021208333,-0.78,0,0.46,0.53,1.2818,2.021,7.4,0.166666667,963,bituminous coal,Norit GAC 400,5.7,2.1,0.019,combined filter effluent,surface water,3.608427051,3.640629557,3.57364415,pilot column 13,10,NA,1,NA,0,0,1,1,3.608427051,3.640629557,3.57364415,0,NA
303,1,7,Iomeprol,Pharmaceuticals,11.73,0,10100,10.1,4.6,5.02,1.53,3.63,3.6809,20.598,8.1,0.746008169,1083,lignite coal,donau carbon epibon a 8*30,7,11.4,0.248,secondary effluent,WW impacted,3.522517249,3.563690592,3.477027693,pilot up flow,19,0.380208333,0,0,0,0,1,0,3.343510123,3.376448797,3.307118478,0,NA
304,1,9,Iopromide,Pharmaceuticals,11.09,-1.00E-04,14200,14.2,4.33,4.84,1.55,3.5,3.8218,20.497,8.1,0.746008169,1083,lignite coal,donau carbon epibon a 8*30,7,11.4,0.248,secondary effluent,WW impacted,3.945604473,4.185062491,3.367810932,pilot up flow,19,0.19,0,0,0,0,1,0,3.681979901,3.873546316,3.219745069,0,NA
323,16,NA,Iopromide,Pharmaceuticals,NA,0,2951,2.951,4.33,4.84,1.55,3.5,3.8218,20.497,8.8,0.724304716,1468,bituminous coal,Norit 1241,7,3.9,0.098,"A, coag BEM",surface water,3.903089987,NA,NA,pilot,7,NA,0,0,0,0,1,NA,3.903089987,NA,0,0,"added,big std for C0"
324,16,NA,Iopromide,Pharmaceuticals,NA,0,2951,2.951,4.33,4.84,1.55,3.5,3.8218,20.497,8.03,0.840102831,899,bituminous coal,calgon F301,7.7,2.8,0.044,"B, ozonated BEM",surface water,4.079181246,NA,NA,pilot,8.5,NA,0,0,0,0,1,NA,4.079181246,NA,0,0,"added,big std for C0"
27,17,NA,Iopromide,Pharmaceuticals,NA,0,2951,2.951,4.33,4.84,1.55,3.5,3.8218,20.497,8.8,0.724304716,1468,bituminous coal,Norit 1241,7,3.9,0.098,"A, coag BEM",surface water,3.903089987,NA,NA,PD-rssct,7,NA,0,0,1,0,0,NA,3.647968313,NA,0,0,"added,big std for C0"
28,17,NA,Iopromide,Pharmaceuticals,NA,0,2951,2.951,4.33,4.84,1.55,3.5,3.8218,20.497,8.03,0.840102828,899,bituminous coal,calgon F300,7.7,2.4,0.04,"B, ozonated BEM",surface water,4.447158031,NA,NA,PD-rssct,7.5,0.409356725,0,0,1,0,0,NA,4.083222748,NA,NA,0,"added,big std for C0"
29,17,NA,Iopromide,Pharmaceuticals,NA,0,2951,2.951,4.33,4.84,1.55,3.5,3.8218,20.497,8.8,0.724304716,1468,bituminous coal,Norit 1240,6,1.6,0.025,"C, OWASA",surface water,4.477121255,NA,NA,PD-rssct,7,0.462025316,0,0,1,0,0,NA,4.107193327,NA,NA,0,"added,big std for C0"
30,17,NA,Iopromide,Pharmaceuticals,NA,0,2951,2.951,4.33,4.84,1.55,3.5,3.8218,20.497,8.8,0.724304716,1468,bituminous coal,Norit 1240,7,1.4,0.018,"D, LM",surface water,4.77815125,NA,NA,PD-rssct,7,0.165605096,0,0,1,0,0,NA,4.348017323,NA,NA,0,"added,big std for C0"
31,17,NA,Iopromide,Pharmaceuticals,NA,0,2951,2.951,4.33,4.84,1.55,3.5,3.8218,20.497,8.8,0.724304716,1468,bituminous coal,Norit 1241,7,3.9,0.098,"A, coag BEM",surface water,4.342422681,NA,NA,PD-rssct,15,NA,0,0,1,0,0,NA,3.999434468,NA,0,0,"added,big std for C0"
95,51,NA,Iopromide,Pharmaceuticals,11.09,-0.0011,200,0.2,4.33,4.84,1.55,3.5,3.8218,20.497,8.03,0.840102837,899,bituminous coal,calgon F300,8.1,2.11,0.056,conventional,surface water,4.301029996,NA,NA,PDrssct,7.5,0.19,0,0,1,0,0,0,3.96632032,NA,NA,0,author fitted psdm
96,51,NA,Iopromide,Pharmaceuticals,11.09,-0.0014,200,0.2,4.33,4.84,1.55,3.5,3.8218,20.497,8.03,0.840102837,899,bituminous coal,calgon F300,8.2,2.1,0.037,MIEX,surface water,4.322219295,NA,NA,PD-rssct,7.5,0.19,0,0,1,0,0,0,3.983271759,NA,NA,0,author fitted psdm
97,51,NA,Iopromide,Pharmaceuticals,11.09,-9.00E-04,200,0.2,4.33,4.84,1.55,3.5,3.8218,20.497,8.03,0.840102838,899,bituminous coal,calgon F300,8,3.85,0.061,ozone/bio,surface water,4.079181246,NA,NA,PD-rssct,7.5,0.19,0,0,1,0,0,0,3.78884132,NA,NA,0,author fitted psdm
98,51,NA,Iopromide,Pharmaceuticals,11.09,-0.0011,200,0.2,4.33,4.84,1.55,3.5,3.8218,20.497,8.03,0.840102838,899,bituminous coal,calgon F300,8.1,3,0.045,ozone/bio,surface water,4.301029996,NA,NA,PD-rssct,7.5,0.19,0,0,1,0,0,0,3.96632032,NA,NA,0,author fitted psdm
99,51,NA,Iopromide,Pharmaceuticals,11.09,-0.0011,200,0.2,4.33,4.84,1.55,3.5,3.8218,20.497,8.03,0.840102838,899,bituminous coal,calgon F300,8.1,2.17,0.033,ozone/bio,surface water,4.342422681,NA,NA,PD-rssct,7.5,0.19,0,0,1,0,0,0,3.999434468,NA,NA,0,author fitted psdm
164,57,NA,Iopromide,Pharmaceuticals,11.09,0,500,0.5,4.33,4.84,1.55,3.5,3.8218,20.497,8.8,0.724304716,1468,bituminous coal,Norit 1240,6,2.02,0.032,OWASA,surface water,3.84509804,NA,NA,CD-rssct,7,0.19,0,0,0,1,0,NA,3.601574755,NA,NA,0,"author PSDM, corrected"
167,57,NA,Iopromide,Pharmaceuticals,11.09,0,500,0.5,4.33,4.84,1.55,3.5,3.8218,20.497,8.8,0.724304716,1468,bituminous coal,Norit 1240,6,2.02,0.032,OWASA,surface water,4.602059991,NA,NA,PD-rssct,7,0.19,0,0,1,0,0,NA,4.207144316,NA,NA,0,"author PSDM, corrected"
316,16,NA,Metolachlor,Pesticides,14,0,117,0.117,1.11,1.53,0,1.25,2.2811,9.35,8.8,0.724304716,1468,bituminous coal,Norit 1240,7,3.9,0.098,"A, coag BEM",surface water,4.544068044,NA,NA,pilot,7,0.4,0,0,0,0,1,NA,4.544068044,NA,0,0,NA
317,16,NA,Metolachlor,Pesticides,14,0,117,0.117,1.11,1.53,0,1.25,2.2811,9.35,8.8,0.724304716,1468,bituminous coal,Norit 1240,6,2.1,0.027,"C, OWASA",surface water,4.716003344,NA,NA,pilot,7,0.4,0,0,0,0,1,NA,4.716003344,NA,0,0,NA
318,16,NA,Metolachlor,Pesticides,14,0,117,0.117,1.11,1.53,0,1.25,2.2811,9.35,8.8,0.724304716,1468,bituminous coal,Norit 1240,6.2,1.7,0.024,"D,LM",surface water,4.903089987,NA,NA,pilot,7,0.4,0,0,0,0,1,NA,4.903089987,NA,0,0,NA
5,17,NA,Metolachlor,Pesticides,14,0,117,0.117,1.11,1.53,0,1.25,2.2811,9.35,8.8,0.724304716,1468,bituminous coal,Norit 1240,7,3.9,0.097,"A, coagulated BEM",surface water,4.929418926,NA,NA,PD-rssct,7,0.4,0,0,1,0,0,NA,4.469031464,NA,NA,0,NA
10,17,NA,Metolachlor,Pesticides,14,0,117,0.117,1.11,1.53,0,1.25,2.2811,9.35,8.8,0.724304716,1468,bituminous coal,Norit 1240,7,3.9,0.097,"A, coagulated BEM",surface water,5,NA,NA,PD-rssct,15,0.4,0,0,1,0,0,NA,4.525496323,NA,NA,0,NA
14,17,NA,Metolachlor,Pesticides,14,0,117,0.117,1.11,1.53,0,1.25,2.2811,9.35,8.03,0.84010284,899,bituminous coal,calgon F300,7.7,2.4,0.04,"B, ozonated BEM",surface water,5.079181246,NA,NA,PD-rssct,7.5,0.4,0,0,1,0,0,NA,4.58884132,NA,NA,0,NA
19,17,NA,Metolachlor,Pesticides,14,0,117,0.117,1.11,1.53,0,1.25,2.2811,9.35,8.8,0.724304716,1468,bituminous coal,Norit 1240,6,1.6,0.025,"C, OWASA",surface water,5.255272505,NA,NA,PD-rssct,7,0.4,0,0,1,0,0,NA,4.729714327,NA,NA,0,NA
25,17,NA,Metolachlor,Pesticides,14,0,117,0.117,1.11,1.53,0,1.25,2.2811,9.35,8.8,0.724304716,1468,bituminous coal,Norit 1240,7,1.4,0.018,"D, LM",surface water,5.230448921,NA,NA,PD-rssct,7,0.4,0,0,1,0,0,NA,4.70985546,NA,NA,0,corrected
80,51,NA,Metolachlor,Pesticides,14,0,200,0.2,1.11,1.53,0,1.25,2.2811,9.35,8.03,0.84010284,899,bituminous coal,calgon F300,8.1,2.11,0.056,conventional,surface water,4.886490725,NA,NA,PDrssct,7.5,0.4,0,0,1,0,0,0,4.434688903,NA,NA,0,author fitted psdm
81,51,NA,Metolachlor,Pesticides,14,0,200,0.2,1.11,1.53,0,1.25,2.2811,9.35,8.03,0.84010284,899,bituminous coal,calgon F300,8.2,2.1,0.037,MIEX,surface water,4.875061264,NA,NA,PD-rssct,7.5,0.4,0,0,1,0,0,0,4.425545334,NA,NA,0,author fitted psdm
82,51,NA,Metolachlor,Pesticides,14,0,200,0.2,1.11,1.53,0,1.25,2.2811,9.35,8.03,0.840102841,899,bituminous coal,calgon F300,8,3.85,0.061,ozone/bio,surface water,4.643452676,NA,NA,PD-rssct,7.5,0.4,0,0,1,0,0,0,4.240258464,NA,NA,0,author fitted psdm
83,51,NA,Metolachlor,Pesticides,14,0,200,0.2,1.11,1.53,0,1.25,2.2811,9.35,8.03,0.840102841,899,bituminous coal,calgon F300,8.1,3,0.045,ozone/bio,surface water,4.897627091,NA,NA,PD-rssct,7.5,0.4,0,0,1,0,0,0,4.443597996,NA,NA,0,author fitted psdm
84,51,NA,Metolachlor,Pesticides,14,0,200,0.2,1.11,1.53,0,1.25,2.2811,9.35,8.03,0.840102841,899,bituminous coal,calgon F300,8.1,2.17,0.033,ozone/bio,surface water,4.977723605,NA,NA,PD-rssct,7.5,0.4,0,0,1,0,0,0,4.507675207,NA,NA,0,author fitted psdm
156,57,NA,Metolachlor,Pesticides,14,0,200,0.2,1.11,1.53,0,1.25,2.2811,9.35,8.8,0.724304716,1468,bituminous coal,Norit 1240,6,2.02,0.032,OWASA,surface water,4.815577748,NA,NA,CD-rssct,7,0.4,0,0,0,1,0,NA,4.377958522,NA,NA,0,"author PSDM, corrected"
161,57,NA,Metolachlor,Pesticides,14,0,200,0.2,1.11,1.53,0,1.25,2.2811,9.35,8.8,0.724304716,1468,bituminous coal,Norit 1240,6,2.02,0.032,OWASA,surface water,5.263636069,NA,NA,PD-rssct,7,0.4,0,0,1,0,0,NA,4.736405178,NA,NA,0,"author PSDM, corrected"
378,57,NA,Metolachlor,Pesticides,14,0,200,0.2,1.11,1.53,0,1.25,2.2811,9.35,8.8,0.724304716,1468,bituminous coal,Norit 1240,6,2.02,0.032,OWASA,surface water,4.736396502,NA,NA,pilot,7,0.4,0,0,0,0,1,NA,4.736396502,NA,NA,0,author PSDM
239,62,1,PCE,VOCs,NA,0,2700,2.7,0.64,0.44,0,0,0.837,3.584,7.4,0.185185185,963,bituminous coal,Norit GAC 400,7.5,1,0.0155,OH GW,groundwater,5.507000585,5.524517527,5.488747308,PD-rssct,7.5,NA,0,NA,1,0,0,NA,4.931096791,4.945110345,4.916494169,0,NA
240,62,10,PCE,VOCs,NA,0,2700,2.7,0.64,0.44,0,0,0.837,3.584,7.4,0.185185185,963,bituminous coal,Norit GAC 400,7.5,1,0.0155,OH GW,groundwater,5.451746018,5.467992653,5.434867909,PD-rssct,15,NA,0,NA,1,0,0,NA,4.886893138,4.899890446,4.873390651,0,NA
357,50,1,PFBA,PFASs,NA,-1,11.00833333,0.011008333,-0.47,0.1,0.46,0.33,0.8705,1.738,8.29,0.859796438,933,bituminous coal,calgon F400,5.7,2.1,0.019,combined filter effluent,surface water,3.738930171,3.856214812,3.577753925,pilot column 10,10,NA,1,4,0,0,1,1,3.738930171,3.856214812,3.577753925,0,NA
358,50,24,PFBA,PFASs,NA,-1,11.00833333,0.011008333,-0.47,0.1,0.46,0.33,0.8705,1.738,7.4,0.166666667,963,bituminous coal,Norit GAC 400,5.7,2.1,0.019,combined filter effluent,surface water,3.60590155,3.621320116,3.589915372,pilot column 13,10,NA,1,4,0,0,1,1,3.60590155,3.621320116,3.589915372,0,NA
110,52,NA,PFBA,PFASs,1.07,-1,613.5,0.6135,-0.47,0.1,0.46,0.33,0.8705,1.738,8.53,0.1875,614,bituminous coal,calgon F600,7,0.7,0.011,Oakdale MN,groundwater,3.947188566,NA,NA,PD-rssct,7.5,0.082758621,1,4,1,0,0,NA,3.683247176,NA,NA,0,corrected
116,52,NA,PFBA,PFASs,1.07,-1,613.5,0.6135,-0.47,0.1,0.46,0.33,0.8705,1.738,8.53,0.1875,614,bituminous coal,calgon F600,7,0.7,0.011,Oakdale MN,groundwater,4.014436527,NA,NA,PD-rssct,13,0.082758621,1,4,1,0,0,NA,3.737045545,NA,NA,0,corrected
182,61,1,PFBA,PFASs,1.07,-1,340,0.34,-0.47,0.1,0.46,0.33,0.8705,1.738,9.95,0.804878049,769,bituminous coal,calgon F400,7.2,0.53,0.007685,groundwater AZ2,groundwater,3.383163458,3.481109977,3.256491696,"10min, LC",10,NA,1,4,0,1,0,1,3.23202709,3.310384304,3.13068968,0,NA
183,61,2,PFBA,PFASs,1.07,-1,340,0.34,-0.47,0.1,0.46,0.33,0.8705,1.738,9.95,0.804878049,769,bituminous coal,calgon F400,7.2,0.53,0.007685,groundwater AZ2,groundwater,3.665579989,3.750198327,3.560384539,"17min, LC",17,NA,1,4,0,1,0,1,3.457960315,3.525654985,3.373803954,0,NA
184,61,3,PFBA,PFASs,1.07,-1,340,0.34,-0.47,0.1,0.46,0.33,0.8705,1.738,9.95,0.804878049,769,bituminous coal,calgon F400,7.2,0.53,0.007685,groundwater AZ2,groundwater,3.731662827,3.762707507,3.707700958,"24min, LC",24,NA,1,4,0,1,0,1,3.510826585,3.535662328,3.49165709,0,NA
185,61,13,PFBA,PFASs,1.07,-1,340,0.34,-0.47,0.1,0.46,0.33,0.8705,1.738,9.95,0.804878049,769,bituminous coal,calgon F400,7.2,0.78,0.010452,groundwater AZ1,groundwater,3.643301729,3.668544501,3.616500718,"20min, LC",20,NA,1,4,0,1,0,1,3.440137706,3.460331924,3.418696898,0,NA
186,61,14,PFBA,PFASs,1.07,-1,340,0.34,-0.47,0.1,0.46,0.33,0.8705,1.738,9.95,0.804878049,769,bituminous coal,calgon F400,7.2,0.78,0.010452,groundwater AZ1,groundwater,3.589928089,3.613060748,3.565493604,"10min, LC",10,NA,1,4,0,1,0,1,3.397438794,3.415944922,3.377891206,0,NA
187,61,15,PFBA,PFASs,1.07,-1,340,0.34,-0.47,0.1,0.46,0.33,0.8705,1.738,9.95,0.804878049,769,bituminous coal,calgon F400,7.2,0.78,0.010452,groundwater AZ1,groundwater,3.394360812,3.516815942,3.22319456,"5min, LC",5,NA,1,4,0,1,0,1,3.240984973,3.338949077,3.104051971,0,NA
188,61,42,PFBA,PFASs,NA,-1,340,0.34,-0.47,0.1,0.46,0.33,0.8705,1.738,9.95,0.804878049,769,bituminous coal,calgon F400,7.2,0.78,0.010452,groundwater AZ1,groundwater,3.281948726,3.382418857,3.151010828,"5min, LC",5,NA,1,4,0,1,0,1,3.151055304,3.231431408,3.046304985,0,NA
336,19,36,PFBS,PFASs,NA,-1,2.4,0.0024,-0.42,0.74,0.31,0.75,1.1711,3.258,8,0.238095238,785,coconut,Norit GCN 1240,7.56,2.7,0.0259,well water,groundwater,4.00593433,4.03698477,3.972491774,pilot,10,0.107913669,1,4,0,0,1,1,4.00593433,4.03698477,3.972491774,0,NA
111,52,NA,PFBS,PFASs,-3.31,-1,19.5,0.0195,-0.42,0.74,0.31,0.75,1.1711,3.258,8.53,0.1875,614,bituminous coal,calgon F600,7,0.7,0.011,Oakdale MN,groundwater,4.95927041,NA,NA,PD-rssct,7.5,0.107913669,1,4,1,0,0,NA,4.492912651,NA,NA,0,corrected
117,52,NA,PFBS,PFASs,-3.31,-1,19.5,0.0195,-0.42,0.74,0.31,0.75,1.1711,3.258,8.53,0.1875,614,bituminous coal,calgon F600,7,0.7,0.011,Oakdale MN,groundwater,4.777412321,NA,NA,PD-rssct,13,0.107913669,1,4,1,0,0,NA,4.34742618,NA,NA,0,corrected
189,61,7,PFBS,PFASs,NA,-1,305,0.305,-0.42,0.74,0.31,0.75,1.1711,3.258,9.95,0.804878049,769,bituminous coal,calgon F400,7.2,0.53,0.007685,groundwater AZ2,groundwater,4.756044814,4.78820517,4.721311088,"10min, LC",10,NA,1,4,0,1,0,1,4.330332174,4.356060459,4.302545194,0,NA
190,61,8,PFBS,PFASs,NA,-1,305,0.305,-0.42,0.74,0.31,0.75,1.1711,3.258,9.95,0.804878049,769,bituminous coal,calgon F400,7.2,0.53,0.007685,groundwater AZ2,groundwater,4.767421539,4.792258566,4.741077476,"17min, LC",17,NA,1,4,0,1,0,1,4.339433554,4.359303176,4.318358304,0,NA
191,61,9,PFBS,PFASs,NA,-1,305,0.305,-0.42,0.74,0.31,0.75,1.1711,3.258,9.95,0.804878049,769,bituminous coal,calgon F400,7.2,0.53,0.007685,groundwater AZ2,groundwater,4.729019132,4.750035713,4.706933556,"24min, LC",24,NA,1,4,0,1,0,1,4.308711629,4.325524893,4.291043168,0,NA
192,61,39,PFBS,PFASs,NA,-1,305,0.305,-0.42,0.74,0.31,0.75,1.1711,3.258,9.95,0.804878049,769,bituminous coal,calgon F400,7.2,0.78,0.010452,groundwater AZ1,groundwater,4.295393723,4.359284154,4.220455563,"5min, LC",5,NA,1,4,0,1,0,1,3.961811302,4.012923646,3.901860774,0,NA
55,35,3,PFDA,PFASs,-5.2,-1,282,0.282,-1.19,-0.64,0.46,0.33,1.9283,4.14,6.4,0.445603577,671,lignite coal,norit darco 1240,8.4,5.4,0.184,surface water,surface water,3.075949717,3.223680007,2.850339224,CD-rssct,5.2,0.098039216,1,10,0,1,0,0,2.986256097,3.104440329,2.805767702,0,corrected
56,35,4,PFDA,PFASs,-5.2,-1,282,0.282,-1.19,-0.64,0.46,0.33,1.9283,4.14,6.4,0.445603577,671,lignite coal,norit darco 1240,6.7,4.3,0.096,synthetic water,synthetic surface water,2.903146819,3.041723263,2.698423988,CD-rssct,5.2,0.098039216,1,10,0,1,0,0,2.848013779,2.958874934,2.684235513,0,corrected
193,61,36,PFDA,PFASs,NA,-1,345,0.345,-1.19,-0.64,0.46,0.33,1.9283,4.14,9.95,0.804878049,769,bituminous coal,calgon F400,7.2,0.78,0.010452,groundwater AZ1,groundwater,4.815756757,4.894604247,4.719346897,"5min, LC",5,NA,1,10,0,1,0,0,4.378101729,4.441179721,4.300973841,0,NA
194,61,34,PFDoDA,PFASs,NA,-1,315,0.315,-1.49,-0.88,0.46,0.33,2.2809,4.984,9.95,0.804878049,769,bituminous coal,calgon F400,7.2,0.78,0.010452,groundwater AZ1,groundwater,4.855611735,4.902844577,4.802607947,"5min, LC",5,NA,1,11,0,1,0,0,4.409985711,4.447771985,4.36758268,0,NA
337,19,3,PFHpA,PFASs,NA,-1,6.6,0.0066,-0.7,-0.27,0.46,0.33,1.3994,2.875,8.27,0.859796438,933,bituminous coal,calgon F400,7.56,2.7,0.0259,well water,groundwater,4.542413857,4.581682321,4.499238606,pilot,10,0.092105263,1,7,0,0,1,0,4.542413857,4.581682321,4.499238606,0,NA
338,19,13,PFHpA,PFASs,NA,-1,6.6,0.0066,-0.7,-0.27,0.46,0.33,1.3994,2.875,8.53,0.1875,614,bituminous coal,calgon F600,7.56,2.7,0.0259,well water,groundwater,4.13588953,4.196622118,4.065261439,pilot,10,0.092105263,1,7,0,0,1,0,4.13588953,4.196622118,4.065261439,0,NA
339,19,33,PFHpA,PFASs,NA,-1,6.6,0.0066,-0.7,-0.27,0.46,0.33,1.3994,2.875,8,0.238095238,785,coconut,Norit GCN 1240,7.56,2.7,0.0259,well water,groundwater,4.076401074,4.110674862,4.03918891,pilot,10,0.092105263,1,7,0,0,1,0,4.076401074,4.110674862,4.03918891,0,NA
359,50,4,PFHpA,PFASs,NA,-1,17.675,0.017675,-0.7,-0.27,0.46,0.33,1.3994,2.875,8.29,0.859796438,933,bituminous coal,calgon F400,5.7,2.1,0.019,combined filter effluent,surface water,3.699379267,3.823890721,3.524141313,pilot column 10,10,NA,1,7,0,0,1,0,3.699379267,3.823890721,3.524141313,0,NA
360,50,19,PFHpA,PFASs,NA,-1,17.675,0.017675,-0.7,-0.27,0.46,0.33,1.3994,2.875,7,0.277777778,575,lignite coal,Hydrodarco 4000,5.7,2.1,0.019,combined filter effluent,surface water,3.653103665,3.751218718,3.526149067,pilot column 12,10,NA,1,7,0,0,1,1,3.653103665,3.751218718,3.526149067,0,NA
379,57,3,PFHpA,PFASs,-2.29,-1,234.8888889,0.2349,-0.7,-0.27,0.46,0.33,1.3994,2.875,8.8,0.724304716,1468,bituminous coal,Norit 1240,6,2.02,0.032,OWASA,surface water,4.3353193,4.351031421,4.319017332,pilot,7,0.092105263,1,7,0,0,1,NA,4.3353193,4.351031421,4.319017332,0,PSDM fit
195,61,26,PFHpA,PFASs,NA,-1,355,0.355,-0.7,-0.27,0.46,0.33,1.3994,2.875,9.95,0.804878049,769,bituminous coal,calgon F400,7.2,0.53,0.007685,groundwater AZ2,groundwater,4.836496441,4.886562589,4.77989728,"5min, LC",5,NA,1,7,0,1,0,0,4.394693476,4.434746395,4.349414147,0,NA
196,61,27,PFHpA,PFASs,NA,-1,355,0.355,-0.7,-0.27,0.46,0.33,1.3994,2.875,10,0.580645161,788,reactivated,CMR400,7.2,0.53,0.007685,groundwater AZ2,groundwater,4.649188923,4.681924806,4.613782865,"5min, LC",5,NA,1,7,0,1,0,0,4.244847462,4.271036168,4.216522615,0,NA
197,61,28,PFHpA,PFASs,NA,-1,355,0.355,-0.7,-0.27,0.46,0.33,1.3994,2.875,9.05,0.707317073,767,bituminous coal,HPC,7.2,0.53,0.007685,groundwater AZ2,groundwater,4.530057986,4.564382726,4.492785744,"5min, LC",5,NA,1,7,0,1,0,0,4.149542712,4.177002504,4.119724918,0,NA
198,61,29,PFHpA,PFASs,NA,-1,355,0.355,-0.7,-0.27,0.46,0.33,1.3994,2.875,7.05,0.7,755,bituminous coal,Carbsorb40,7.2,0.53,0.007685,groundwater AZ2,groundwater,4.566163106,4.610181454,4.517174763,"5min, LC",5,NA,1,7,0,1,0,0,4.178426808,4.213641486,4.139236133,0,NA
199,61,38,PFHpA,PFASs,NA,-1,355,0.355,-0.7,-0.27,0.46,0.33,1.3994,2.875,9.95,0.804878049,769,bituminous coal,calgon F400,7.2,0.78,0.010452,groundwater AZ1,groundwater,4.317794178,4.363352727,4.266890205,"5min, LC",5,NA,1,7,0,1,0,0,3.979731665,4.016178504,3.939008487,0,NA
244,69,1,PFHpA,PFASs,NA,-1,4.1,0.0041,-0.7,-0.27,0.46,0.33,1.3994,2.875,7.1,0.205,824,bituminous coal,calgon F400,7.5,0.88,0.008,GW1,groundwater,4.660406134,4.703245281,4.612874179,CD-RSSCT,4.6,NA,NA,NA,0,1,0,NA,4.25382123,4.288092548,4.215795666,0,the gac properties are locally unique
245,69,3,PFHpA,PFASs,NA,-1,4.1,0.0041,-0.7,-0.27,0.46,0.33,1.3994,2.875,7.1,0.205,824,bituminous coal,calgon F400,7.6,0.95,0.01,GW2,groundwater,4.981807736,5.001047252,4.961676229,CD-RSSCT,4.6,NA,NA,NA,0,1,0,NA,4.510942512,4.526334125,4.494837306,0,the gac properties are locally unique
246,69,5,PFHpA,PFASs,NA,-1,4.1,0.0041,-0.7,-0.27,0.46,0.33,1.3994,2.875,7.4,0.158163265,770,bituminous coal,Norit GAC 400,7.5,0.88,0.008,GW1,groundwater,4.843690877,4.873024872,4.812231095,CD-RSSCT,4.6,NA,NA,NA,0,1,0,NA,4.400449025,4.423916221,4.375281199,0,the gac properties are locally unique
247,69,8,PFHpA,PFASs,NA,-1,4.1,0.0041,-0.7,-0.27,0.46,0.33,1.3994,2.875,7.4,0.158163265,770,bituminous coal,Norit GAC 400,8.1,0.4,0.006,GW6,groundwater,5.414805271,5.436086993,5.392426702,CD-RSSCT,4.6,NA,NA,NA,0,1,0,NA,4.85734054,4.874365918,4.839437685,0,the gac properties are locally unique
248,69,10,PFHpA,PFASs,NA,-1,4.1,0.0041,-0.7,-0.27,0.46,0.33,1.3994,2.875,8,0.376237624,1011,coconut,AquaCarb 1230AWC,7.5,0.88,0.008,GW1,groundwater,3.725724569,3.799737933,3.636452873,CD-RSSCT,4.6,NA,NA,NA,0,1,0,NA,3.506075978,3.565286669,3.434658621,0,the gac properties are locally unique
249,69,12,PFHpA,PFASs,NA,-1,4.1,0.0041,-0.7,-0.27,0.46,0.33,1.3994,2.875,7.6,0.159090909,852,catalytic coconut,AquaCarb 1240CAT,8.5,0.21,0.003,GW3,groundwater,4.267777051,4.399269181,4.07827466,CD-RSSCT,4.6,NA,NA,NA,0,1,0,NA,3.939717964,4.044911668,3.788116051,0,the gac properties are locally unique
250,69,14,PFHpA,PFASs,NA,-1,4.1,0.0041,-0.7,-0.27,0.46,0.33,1.3994,2.875,7.2,0.214953271,755,catalytic bituminous carbon,Centaur 12<U+2009><U+2009>40,8.5,0.21,0.003,GW3,groundwater,5.067225276,5.12082154,5.006071033,CD-RSSCT,4.6,NA,NA,NA,0,1,0,NA,4.579276544,4.622153555,4.53035315,0,the gac properties are locally unique
251,69,16,PFHpA,PFASs,NA,-1,4.1,0.0041,-0.7,-0.27,0.46,0.33,1.3994,2.875,6.6,0.034934498,573,lignite coal,Hydrodarco 4000,8.1,0.4,0.006,GW6,groundwater,4.696430366,4.703255951,4.689495791,CD-RSSCT,4.6,NA,NA,NA,0,1,0,NA,4.282640616,4.288101084,4.277092956,0,the gac properties are locally unique
252,69,18,PFHpA,PFASs,NA,-1,4.1,0.0041,-0.7,-0.27,0.46,0.33,1.3994,2.875,7.1,0.205,824,bituminous coal,calgon F400,8.5,0.21,0.003,GW3,groundwater,5.044433139,5.070797515,5.016364249,CD-RSSCT,4.6,NA,NA,NA,0,1,0,NA,4.561042834,4.582134335,4.538587723,0,the gac properties are locally unique
340,19,2,PFHxA,PFASs,NA,-1,18.4,0.0184,-0.77,-0.15,0.46,0.33,1.2231,2.453,8.27,0.859796438,933,bituminous coal,calgon F400,7.56,2.7,0.0259,well water,groundwater,4.057543453,4.077227014,4.036925245,pilot,10,0.093959732,1,6,0,0,1,1,4.057543453,4.077227014,4.036925245,0,NA
341,19,12,PFHxA,PFASs,NA,-1,18.4,0.0184,-0.77,-0.15,0.46,0.33,1.2231,2.453,8.53,0.1875,614,bituminous coal,calgon F600,7.56,2.7,0.0259,well water,groundwater,4.015218498,4.098858255,3.911533704,pilot,10,0.093959732,1,6,0,0,1,1,4.015218498,4.098858255,3.911533704,0,NA
342,19,32,PFHxA,PFASs,NA,-1,18.4,0.0184,-0.77,-0.15,0.46,0.33,1.2231,2.453,8,0.238095238,785,coconut,Norit GCN 1240,7.56,2.7,0.0259,well water,groundwater,3.911076503,4.02134515,3.762917585,pilot,10,0.093959732,1,6,0,0,1,1,3.911076503,4.02134515,3.762917585,0,NA
361,50,3,PFHxA,PFASs,NA,-1,25.40833333,0.02541,-0.77,-0.15,0.46,0.33,1.2231,2.453,8.29,0.859796438,933,bituminous coal,calgon F400,5.7,2.1,0.019,combined filter effluent,surface water,3.529133248,3.648203239,3.364546789,pilot column 10,10,NA,1,6,0,0,1,1,3.529133248,3.648203239,3.364546789,0,NA
362,50,13,PFHxA,PFASs,NA,-1,25.40833333,0.025408333,-0.77,-0.15,0.46,0.33,1.2231,2.453,8.29,0.859796438,933,bituminous coal,calgon F400,5.7,2.1,0.019,combined filter effluent,surface water,3.783979294,3.798139919,3.769341339,pilot column 11,10,NA,1,6,0,0,1,1,3.783979294,3.798139919,3.769341339,0,NA
363,50,18,PFHxA,PFASs,NA,-1,25.40833333,0.02541,-0.77,-0.15,0.46,0.33,1.2231,2.453,7,0.277777778,575,lignite coal,Hydrodarco 4000,5.7,2.1,0.019,combined filter effluent,surface water,3.411371726,3.516965503,3.271562688,pilot column 12,10,NA,1,6,0,0,1,1,3.411371726,3.516965503,3.271562688,0,NA
112,52,NA,PFHxA,PFASs,-0.78,-1,132.5,0.1325,-0.77,-0.15,0.46,0.33,1.2231,2.453,8.53,0.1875,614,bituminous coal,calgon F600,7,0.7,0.011,Oakdale MN,groundwater,4.582381577,NA,NA,PD-rssct,7.5,0.093959732,1,6,1,0,0,NA,4.191401585,NA,NA,0,corrected
118,52,NA,PFHxA,PFASs,-0.78,-1,132.5,0.1325,-0.77,-0.15,0.46,0.33,1.2231,2.453,8.53,0.1875,614,bituminous coal,calgon F600,7,0.7,0.011,Oakdale MN,groundwater,4.68897124,NA,NA,PD-rssct,13,0.093959732,1,6,1,0,0,NA,4.276673315,NA,NA,0,corrected
385,57,2,PFHxA,PFASs,NA,-1,219.8333333,0.219833333,-0.77,-0.15,0.46,0.33,1.2231,2.453,8.8,0.724304716,1468,bituminous coal,Norit 1242,6,2.02,0.032,OWASA,surface water,4.151234192,4.243259456,4.03431656,pilot,7,NA,1,NA,0,0,1,NA,4.151234192,4.243259456,4.03431656,0,"PSDM fit, added"
389,58,NA,PFHxA,PFASs,NA,-1,154.2,0.1542,-0.77,-0.15,0.46,0.33,1.2231,2.453,8.53,0.1875,614,bituminous coal,calgon F600,7,0.7,0.011,Oakdale MN,groundwater,4.492760389,NA,NA,full,13,NA,NA,NA,0,0,1,NA,4.492760389,NA,NA,0,added
200,61,19,PFHxA,PFASs,NA,-1,370,0.37,-0.77,-0.15,0.46,0.33,1.2231,2.453,9.95,0.804878049,769,bituminous coal,calgon F400,7.2,0.78,0.010452,groundwater AZ1,groundwater,4.574646175,4.58255268,4.566593055,"20min, LC",20,NA,1,6,0,1,0,1,4.185213263,4.191538467,4.178770767,0,NA
201,61,20,PFHxA,PFASs,NA,-1,370,0.37,-0.77,-0.15,0.46,0.33,1.2231,2.453,9.95,0.804878049,769,bituminous coal,calgon F400,7.2,0.78,0.010452,groundwater AZ1,groundwater,4.366487473,4.398359122,4.332090288,"10min, LC",10,NA,1,6,0,1,0,1,4.018686301,4.044183621,3.991168553,0,NA
202,61,21,PFHxA,PFASs,NA,-1,370,0.37,-0.77,-0.15,0.46,0.33,1.2231,2.453,9.95,0.804878049,769,bituminous coal,calgon F400,7.2,0.78,0.010452,groundwater AZ1,groundwater,4.28720112,4.313770477,4.258899762,"5min, LC",5,NA,1,6,0,1,0,1,3.955257219,3.976512705,3.932616132,0,NA
203,61,22,PFHxA,PFASs,NA,-1,370,0.37,-0.77,-0.15,0.46,0.33,1.2231,2.453,9.95,0.804878049,769,bituminous coal,calgon F400,7.2,0.53,0.007685,groundwater AZ2,groundwater,4.664610934,4.69283411,4.634425373,"5min, LC",5,NA,1,6,0,1,0,1,4.257185071,4.279763611,4.233036621,0,NA
204,61,23,PFHxA,PFASs,NA,-1,370,0.37,-0.77,-0.15,0.46,0.33,1.2231,2.453,10,0.580645161,788,reactivated,CMR400,7.2,0.53,0.007685,groundwater AZ2,groundwater,4.534306322,4.595206853,4.463450868,"5min, LC",5,NA,1,6,0,1,0,1,4.15294138,4.201661805,4.096257017,0,NA
205,61,24,PFHxA,PFASs,NA,-1,370,0.37,-0.77,-0.15,0.46,0.33,1.2231,2.453,9.05,0.707317073,767,bituminous coal,HPC,7.2,0.53,0.007685,groundwater AZ2,groundwater,4.38161406,4.413027625,4.347749864,"5min, LC",5,NA,1,6,0,1,0,1,4.030787571,4.055918423,4.003696215,0,NA
206,61,25,PFHxA,PFASs,NA,-1,370,0.37,-0.77,-0.15,0.46,0.33,1.2231,2.453,7.05,0.7,755,bituminous coal,Carbsorb40,7.2,0.53,0.007685,groundwater AZ2,groundwater,4.391638783,4.398362927,4.389365251,"5min, LC",5,NA,1,6,0,1,0,1,4.038807349,4.044186665,4.036988524,0,NA
207,61,40,PFHxA,PFASs,NA,-1,370,0.37,-0.77,-0.15,0.46,0.33,1.2231,2.453,9.95,0.804878049,769,bituminous coal,calgon F400,7.2,0.78,0.010452,groundwater AZ1,groundwater,4.167205978,4.236325118,4.084965072,"5min, LC",5,NA,1,6,0,1,0,1,3.859261106,3.914556417,3.79346838,0,NA
343,19,38,PFHxS,PFASs,-3.32,-1,42,0.042,-0.5,0.49,0.31,0.75,1.5237,4.102,8,0.238095238,785,coconut,Norit GCN 1240,7.56,2.7,0.0259,well water,groundwater,3.979418419,4.049971402,3.89513766,pilot,10,0.122302158,1,6,0,0,1,1,3.979418419,4.049971402,3.89513766,0,NA
113,52,NA,PFHxS,PFASs,-3.32,-1,54,0.054,-0.5,0.49,0.31,0.75,1.5237,4.102,8.53,0.1875,614,bituminous coal,calgon F600,7,0.7,0.011,Oakdale MN,groundwater,4.96310753,NA,NA,PD-rssct,7.5,0.122302158,1,6,1,0,0,NA,4.495982347,NA,NA,0,corrected
119,52,NA,PFHxS,PFASs,-3.32,-1,54,0.054,-0.5,0.49,0.31,0.75,1.5237,4.102,8.53,0.1875,614,bituminous coal,calgon F600,7,0.7,0.011,Oakdale MN,groundwater,4.905169614,NA,NA,PD-rssct,13,0.122302158,1,6,1,0,0,NA,4.449632014,NA,NA,0,corrected
380,57,8,PFHxS,PFASs,-3.32,-1,222.3888889,0.2224,-0.5,0.49,0.31,0.75,1.5237,4.102,8.8,0.724304716,1468,bituminous coal,Norit 1240,6,2.02,0.032,OWASA,surface water,4.56089535,4.640303654,4.463644527,pilot,7,0.122302158,1,6,0,0,1,NA,4.56089535,4.640303654,4.463644527,0,PSDM fit
364,50,8,PFMOAA,PFASs,0.99,-1,1572.5,1.5725,-0.37,0.47,0.46,0.53,0.7529,1.446,8.29,0.859796438,933,bituminous coal,calgon F400,5.7,2.1,0.019,combined filter effluent,surface water,3.424876094,3.478355394,3.36387414,pilot column 10,10,NA,1,3,0,0,1,1,3.424876094,3.478355394,3.36387414,0,NA
365,50,31,PFMOAA,PFASs,0.99,-1,1572.5,1.5725,-0.37,0.47,0.46,0.53,0.7529,1.446,7.4,0.166666667,963,bituminous coal,Norit GAC 400,5.7,2.1,0.019,combined filter effluent,surface water,3.567310642,3.574251837,3.560256703,pilot column 13,10,NA,1,3,0,0,1,1,3.567310642,3.574251837,3.560256703,0,NA
381,57,5,PFNA,PFASs,-6.51,-1,246.6666667,0.2467,-1.03,-0.51,0.46,0.33,1.752,3.719,8.8,0.724304716,1468,bituminous coal,Norit 1240,6,2.02,0.032,OWASA,surface water,4.409104653,4.422176753,4.395626845,pilot,7,0.098039216,1,9,0,0,1,NA,4.409104653,4.422176753,4.395626845,0,PSDM fit
366,50,15,PFO2HxA,PFASs,0.65,-1,114.6666667,0.114666667,-0.57,0.47,0.46,0.73,0.9879,1.538,8.29,0.859796438,933,bituminous coal,calgon F400,5.7,2.1,0.019,combined filter effluent,surface water,3.853247311,3.878792752,3.826104847,pilot column 11,10,NA,1,5,0,0,1,1,3.853247311,3.878792752,3.826104847,0,NA
367,50,32,PFO2HxA,PFASs,0.65,-1,114.6666667,0.11467,-0.57,0.47,0.46,0.73,0.9879,1.538,7.4,0.166666667,963,bituminous coal,Norit GAC 400,5.7,2.1,0.019,combined filter effluent,surface water,3.751816947,3.787849615,3.712522005,pilot column 13,10,NA,1,5,0,0,1,1,3.751816947,3.787849615,3.712522005,0,NA
368,50,36,PFO2HxA,PFASs,0.65,-1,114.6666667,0.11467,-0.57,0.47,0.46,0.73,0.9879,1.538,8.29,0.859796438,933,bituminous coal,calgon F400,5.7,2.1,0.019,combined filter effluent,surface water,3.629959128,3.64126649,3.618349479,pilot column 10,10,NA,1,5,0,0,1,1,3.629959128,3.64126649,3.618349479,0,NA
369,50,22,PFO3OA,PFASs,-0.07,-1,49.75,0.04975,-0.78,0.47,0.46,0.93,1.2229,1.629,7,0.277777778,575,lignite coal,Hydrodarco 4000,5.7,2.1,0.019,combined filter effluent,surface water,4.151750371,4.183535831,4.117453563,pilot column 12,10,NA,1,5,0,0,1,1,4.151750371,4.183535831,4.117453563,0,NA
344,19,4,PFOA,PFASs,-4.2,-1,21.6,0.0216,-0.88,-0.39,0.46,0.33,1.5757,3.297,8.27,0.859796438,933,bituminous coal,calgon F400,7.56,2.7,0.0259,well water,groundwater,4.367298205,4.396252733,4.336274496,pilot,10,0.098039216,1,8,0,0,1,0,4.367298205,4.396252733,4.336274496,0,NA
345,19,14,PFOA,PFASs,-4.2,-1,21.6,0.0216,-0.88,-0.39,0.46,0.33,1.5757,3.297,8.53,0.1875,614,bituminous coal,calgon F600,7.56,2.7,0.0259,well water,groundwater,4.417578407,4.45767477,4.373400073,pilot,10,0.098039216,1,8,0,0,1,0,4.417578407,4.45767477,4.373400073,0,NA
346,19,34,PFOA,PFASs,-4.2,-1,21.6,0.0216,-0.88,-0.39,0.46,0.33,1.5757,3.297,8,0.238095238,785,coconut,Norit GCN 1240,7.56,2.7,0.0259,well water,groundwater,4.336904203,4.45451428,4.175109373,pilot,10,0.098039216,1,8,0,0,1,0,4.336904203,4.45451428,4.175109373,0,NA
57,35,10,PFOA,PFASs,-4.2,-1,138,0.138,-0.88,-0.39,0.46,0.33,1.5757,3.297,6.4,0.445603577,671,lignite coal,norit darco 1240,8.4,5.4,0.184,surface water,surface water,2.681134404,2.760800353,2.583496322,CD-rssct,5.2,0.098039216,1,8,0,1,0,0,2.670403847,2.734136605,2.59229338,0,corrected
58,35,11,PFOA,PFASs,-4.2,-1,138,0.138,-0.88,-0.39,0.46,0.33,1.5757,3.297,6.4,0.445603577,671,lignite coal,norit darco 1240,6.7,4.3,0.096,synthetic water,synthetic surface water,2.689172086,2.733322251,2.676278949,CD-rssct,5.2,0.098039216,1,8,0,1,0,0,2.676833992,2.712154124,2.666519482,0,corrected
59,35,12,PFOA,PFASs,-4.2,-1,138,0.138,-0.88,-0.39,0.46,0.33,1.5757,3.297,6.4,0.445603577,671,lignite coal,norit darco 1240,7.5,7,0.162,waste water,WW impacted,3.10299354,3.183423469,3.004203744,CD-rssct,5.2,0.098039216,1,8,0,1,0,0,3.007891155,3.072235099,2.928859318,0,corrected
370,50,5,PFOA,PFASs,NA,-1,11.04166667,0.011041667,-0.88,-0.39,0.46,0.33,1.5757,3.297,8.29,0.859796438,933,bituminous coal,calgon F400,5.7,2.1,0.019,combined filter effluent,surface water,3.645470885,3.761634414,3.486415385,pilot column 10,10,NA,1,8,0,0,1,0,3.645470885,3.761634414,3.486415385,0,NA
114,52,NA,PFOA,PFASs,-4.2,-1,597.5,0.5975,-0.88,-0.39,0.46,0.33,1.5757,3.297,8.53,0.1875,614,bituminous coal,calgon F600,7,0.7,0.011,Oakdale MN,groundwater,4.630214235,NA,NA,PD-rssct,7.5,0.098039216,1,8,1,0,0,NA,4.229667711,NA,NA,0,corrected
120,52,NA,PFOA,PFASs,-4.2,-1,597.5,0.5975,-0.88,-0.39,0.46,0.33,1.5757,3.297,8.53,0.1875,614,bituminous coal,calgon F600,7,0.7,0.011,Oakdale MN,groundwater,4.839100782,NA,NA,PD-rssct,13,0.098039216,1,8,1,0,0,NA,4.396776949,NA,NA,0,corrected
382,57,4,PFOA,PFASs,-4.2,-1,241.9444444,0.2419,-0.88,-0.39,0.46,0.33,1.5757,3.297,8.8,0.724304716,1468,bituminous coal,Norit 1240,6,2.02,0.032,OWASA,surface water,4.288087753,4.324160818,4.248744757,pilot,7,0.098039216,1,8,0,0,1,NA,4.288087753,4.324160818,4.248744757,0,PSDM fit
390,58,NA,PFOA,PFASs,NA,-1,555.8,0.5558,-0.88,-0.39,0.46,0.33,1.5757,3.297,8.53,0.1875,614,bituminous coal,calgon F600,7,0.7,0.011,Oakdale MN,groundwater,4.506505032,NA,NA,full,13,NA,NA,NA,0,0,1,NA,4.506505032,NA,NA,0,added
208,61,4,PFOA,PFASs,NA,-1,385,0.385,-0.88,-0.39,0.46,0.33,1.5757,3.297,9.95,0.804878049,769,bituminous coal,calgon F400,7.2,0.53,0.007685,groundwater AZ2,groundwater,4.875230546,4.904560984,4.843774856,"10min, LC",10,NA,1,8,0,1,0,0,4.42568076,4.44914511,4.400516208,0,NA
209,61,5,PFOA,PFASs,NA,-1,385,0.385,-0.88,-0.39,0.46,0.33,1.5757,3.297,9.95,0.804878049,769,bituminous coal,calgon F400,7.2,0.53,0.007685,groundwater AZ2,groundwater,4.864905324,4.909873775,4.81473709,"17min, LC",17,NA,1,8,0,1,0,0,4.417420582,4.453395343,4.377285995,0,NA
210,61,30,PFOA,PFASs,NA,-1,385,0.385,-0.88,-0.39,0.46,0.33,1.5757,3.297,9.95,0.804878049,769,bituminous coal,calgon F400,7.2,0.53,0.007685,groundwater AZ2,groundwater,4.861273662,4.893511699,4.826449302,"5min, LC",5,NA,1,8,0,1,0,0,4.414515253,4.440305682,4.386655765,0,NA
211,61,31,PFOA,PFASs,NA,-1,385,0.385,-0.88,-0.39,0.46,0.33,1.5757,3.297,10,0.580645161,788,reactivated,CMR400,7.2,0.53,0.007685,groundwater AZ2,groundwater,4.774312578,4.829465784,4.711122141,"5min, LC",5,NA,1,8,0,1,0,0,4.344946386,4.38906895,4.294394036,0,NA
212,61,32,PFOA,PFASs,NA,-1,385,0.385,-0.88,-0.39,0.46,0.33,1.5757,3.297,9.05,0.707317073,767,bituminous coal,HPC,7.2,0.53,0.007685,groundwater AZ2,groundwater,4.734240881,4.767132207,4.698652901,"5min, LC",5,NA,1,8,0,1,0,0,4.312889028,4.339202089,4.284418644,0,NA
213,61,33,PFOA,PFASs,NA,-1,385,0.385,-0.88,-0.39,0.46,0.33,1.5757,3.297,7.05,0.7,755,bituminous coal,Carbsorb40,7.2,0.53,0.007685,groundwater AZ2,groundwater,4.804165131,4.822743325,4.784756547,"5min, LC",5,NA,1,8,0,1,0,0,4.368828428,4.383690983,4.353301561,0,NA
214,61,37,PFOA,PFASs,NA,-1,385,0.385,-0.88,-0.39,0.46,0.33,1.5757,3.297,9.95,0.804878049,769,bituminous coal,calgon F400,7.2,0.78,0.010452,groundwater AZ1,groundwater,4.462561549,4.515012594,4.402894348,"5min, LC",5,NA,1,8,0,1,0,0,4.095545563,4.137506399,4.047811801,0,NA
253,69,2,PFOA,PFASs,NA,-1,6.2,0.0062,-0.88,-0.39,0.46,0.33,1.5757,3.297,7.1,0.205,824,bituminous coal,calgon F400,7.5,0.88,0.008,GW1,groundwater,4.732048158,4.800011708,4.651439438,CD-RSSCT,4.6,NA,NA,NA,0,1,0,NA,4.31113485,4.365505689,4.246647873,0,the gac properties are locally unique
254,69,4,PFOA,PFASs,NA,-1,6.2,0.0062,-0.88,-0.39,0.46,0.33,1.5757,3.297,7.1,0.205,824,bituminous coal,calgon F400,7.6,0.95,0.01,GW2,groundwater,5.098217085,5.115410713,5.080314606,CD-RSSCT,4.6,NA,NA,NA,0,1,0,NA,4.604069991,4.617824894,4.589748008,0,the gac properties are locally unique
255,69,6,PFOA,PFASs,NA,-1,6.2,0.0062,-0.88,-0.39,0.46,0.33,1.5757,3.297,7.4,0.158163265,770,bituminous coal,Norit GAC 400,7.6,0.95,0.01,GW2,groundwater,4.738013223,4.788501206,4.680874192,CD-RSSCT,4.6,NA,NA,NA,0,1,0,NA,4.315906901,4.356297288,4.270195677,0,the gac properties are locally unique
256,69,7,PFOA,PFASs,NA,-1,6.2,0.0062,-0.88,-0.39,0.46,0.33,1.5757,3.297,7.4,0.158163265,770,bituminous coal,Norit GAC 400,8.5,0.21,0.003,GW3,groundwater,5.186566581,5.201168286,5.171456812,CD-RSSCT,4.6,NA,NA,NA,0,1,0,NA,4.674749588,4.686430952,4.662661772,0,the gac properties are locally unique
257,69,9,PFOA,PFASs,NA,-1,6.2,0.0062,-0.88,-0.39,0.46,0.33,1.5757,3.297,7.4,0.158163265,770,bituminous coal,Norit GAC 400,8.1,0.4,0.006,GW6,groundwater,5.445504512,5.451123004,5.439812378,CD-RSSCT,4.6,NA,NA,NA,0,1,0,NA,4.881899932,4.886394727,4.877346226,0,the gac properties are locally unique
258,69,11,PFOA,PFASs,NA,-1,6.2,0.0062,-0.88,-0.39,0.46,0.33,1.5757,3.297,8,0.376237624,1011,coconut,AquaCarb 1230AWC,7.5,0.88,0.008,GW1,groundwater,3.787596718,3.865345735,3.692826231,CD-RSSCT,4.6,NA,NA,NA,0,1,0,NA,3.555573697,3.617772911,3.479757308,0,the gac properties are locally unique
259,69,13,PFOA,PFASs,NA,-1,6.2,0.0062,-0.88,-0.39,0.46,0.33,1.5757,3.297,7.6,0.159090909,852,catalytic coconut,AquaCarb 1240CAT,8.5,0.21,0.003,GW3,groundwater,4.162124072,4.262038245,4.032131754,CD-RSSCT,4.6,NA,NA,NA,0,1,0,NA,3.85519558,3.935126919,3.751201727,0,the gac properties are locally unique
260,69,15,PFOA,PFASs,NA,-1,6.2,0.0062,-0.88,-0.39,0.46,0.33,1.5757,3.297,7.2,0.214953271,755,catalytic bituminous carbon,Centaur 12<U+2009><U+2009>40,8.5,0.21,0.003,GW3,groundwater,4.938628246,4.956265158,4.92024466,CD-RSSCT,4.6,NA,NA,NA,0,1,0,NA,4.47639892,4.490508449,4.461692051,0,the gac properties are locally unique
261,69,17,PFOA,PFASs,NA,-1,6.2,0.0062,-0.88,-0.39,0.46,0.33,1.5757,3.297,6.6,0.034934498,573,lignite coal,Hydrodarco 4000,8.1,0.4,0.006,GW6,groundwater,4.778153661,4.808959069,4.744995193,CD-RSSCT,4.6,NA,NA,NA,0,1,0,NA,4.348019252,4.372663579,4.321492478,0,the gac properties are locally unique
262,77,9,PFOA,PFASs,NA,-1,180,0.18,-0.88,-0.39,0.46,0.33,1.5757,3.297,6.4,0.445603577,671,lignite coal,norit darco 1240,7.5,7,0.162,WWTP 1,WW impacted,3.041392685,NA,NA,CD-rssct,5.2,NA,1,NA,0,1,0,NA,2.958610471,NA,NA,0,NA
263,77,10,PFOA,PFASs,NA,-1,290,0.29,-0.88,-0.39,0.46,0.33,1.5757,3.297,6.4,0.445603577,671,lignite coal,norit darco 1240,7.9,6.3,0.16,WWTP 2,WW impacted,2.477121255,NA,NA,CD-rssct,5.2,NA,1,NA,0,1,0,NA,2.507193327,NA,NA,0,NA
264,77,12,PFOA,PFASs,NA,-1,470,0.47,-0.88,-0.39,0.46,0.33,1.5757,3.297,6.4,0.445603577,671,lignite coal,norit darco 1240,7.4,4.8,0.098,WWTP 4,WW impacted,3.230448921,NA,NA,CD-rssct,5.2,NA,1,NA,0,1,0,NA,3.10985546,NA,NA,0,NA
347,19,10,PFOS,PFASs,-3.32,-1,50.6,0.0506,-0.83,0.25,0.31,0.75,1.8763,4.945,8.27,0.859796438,933,bituminous coal,calgon F400,7.56,2.7,0.0259,well water,groundwater,4.524329718,4.573171219,4.469291128,pilot,10,0.115107914,1,8,0,0,1,0,4.524329718,4.573171219,4.469291128,0,NA
348,19,20,PFOS,PFASs,-3.32,-1,50.6,0.0506,-0.83,0.25,0.31,0.75,1.8763,4.945,8.53,0.1875,614,bituminous coal,calgon F600,7.56,2.7,0.0259,well water,groundwater,4.295691451,4.352366764,4.230493988,pilot,10,0.127659574,1,8,0,0,1,0,4.295691451,4.352366764,4.230493988,0,NA
60,35,16,PFOS,PFASs,-3.32,-1,153,0.153,-0.83,0.25,0.31,0.75,1.8763,4.945,6.4,0.445603577,671,lignite coal,norit darco 1240,8.4,5.4,0.184,surface water,surface water,3.404616447,3.629238114,2.91335865,CD-rssct,5.2,0.127659574,1,8,0,1,0,0,3.249189481,3.428886814,2.856183243,0,NA
61,35,17,PFOS,PFASs,-3.32,-1,153,0.153,-0.83,0.25,0.31,0.75,1.8763,4.945,6.4,0.445603577,671,lignite coal,norit darco 1240,6.7,4.3,0.096,synthetic water,synthetic surface water,3.287086376,3.488829327,2.898526486,CD-rssct,5.2,0.127659574,1,8,0,1,0,0,3.155165424,3.316559785,2.844317512,0,NA
62,35,18,PFOS,PFASs,-3.32,-1,153,0.153,-0.83,0.25,0.31,0.75,1.8763,4.945,6.4,0.445603577,671,lignite coal,norit darco 1240,7.5,7,0.162,waste water,WW impacted,3.214301367,3.355272325,3.004252861,CD-rssct,5.2,0.127659574,1,8,0,1,0,0,3.096937417,3.209714183,2.928898612,0,NA
371,50,7,PFOS,PFASs,NA,-1,11.80833333,0.011808333,-0.83,0.25,0.31,0.75,1.8763,4.945,8.29,0.859796438,933,bituminous coal,calgon F400,5.7,2.1,0.019,combined filter effluent,surface water,4.16702996,4.1780666,4.155705517,pilot column 10,10,NA,1,8,0,0,1,0,4.16702996,4.1780666,4.155705517,0,NA
115,52,NA,PFOS,PFASs,-3.32,-1,520,0.52,-0.83,0.25,0.31,0.75,1.8763,4.945,8.53,0.1875,614,bituminous coal,calgon F600,7,0.7,0.011,Oakdale MN,groundwater,4.934841711,NA,NA,PD-rssct,7.5,0.127659574,1,8,1,0,0,NA,4.473369692,NA,NA,0,corrected
121,52,NA,PFOS,PFASs,-3.32,-1,520,0.52,-0.83,0.25,0.31,0.75,1.8763,4.945,8.53,0.1875,614,bituminous coal,calgon F600,7,0.7,0.011,Oakdale MN,groundwater,4.992195509,NA,NA,PD-rssct,13,0.127659574,1,8,1,0,0,NA,4.51925273,NA,NA,0,corrected
383,57,9,PFOS,PFASs,-3.32,-1,260.5,0.2605,-0.83,0.25,0.31,0.75,1.8763,4.945,8.8,0.724304716,1468,bituminous coal,Norit 1240,6,2.02,0.032,OWASA,surface water,4.527702297,4.636893095,4.381490856,pilot,7,0.127659574,1,8,0,0,1,NA,4.527702297,4.636893095,4.381490856,0,PSDM fit
391,58,NA,PFOS,PFASs,NA,-1,845.2,0.8452,-0.83,0.25,0.31,0.75,1.8763,4.945,8.53,0.1875,614,bituminous coal,calgon F600,7,0.7,0.011,Oakdale MN,groundwater,4.530199698,NA,NA,full,13,NA,NA,NA,0,0,1,NA,4.530199698,NA,NA,0,added
215,61,10,PFOS,PFASs,NA,-1,265,0.265,-0.83,0.25,0.31,0.75,1.8763,4.945,9.95,0.804878049,769,bituminous coal,calgon F400,7.2,0.53,0.007685,groundwater AZ2,groundwater,4.996540985,5.038658561,4.94989587,"10min, LC",10,NA,1,8,0,1,0,0,4.522729111,4.556423172,4.485413019,0,NA
216,61,11,PFOS,PFASs,NA,-1,265,0.265,-0.83,0.25,0.31,0.75,1.8763,4.945,9.95,0.804878049,769,bituminous coal,calgon F400,7.2,0.53,0.007685,groundwater AZ2,groundwater,4.929179321,4.962413553,4.893189527,"17min, LC",17,NA,1,8,0,1,0,0,4.46883978,4.495427166,4.440047945,0,NA
217,61,35,PFOS,PFASs,NA,-1,265,0.265,-0.83,0.25,0.31,0.75,1.8763,4.945,9.95,0.804878049,769,bituminous coal,calgon F400,7.2,0.78,0.010452,groundwater AZ1,groundwater,4.891072969,4.951221193,4.821234388,"5min, LC",5,NA,1,8,0,1,0,0,4.438354698,4.486473277,4.382483834,0,NA
265,77,13,PFOS,PFASs,NA,-1,500,0.5,-0.83,0.25,0.31,0.75,1.8763,4.945,6.4,0.445603577,671,lignite coal,norit darco 1240,7.5,7,0.162,WWTP 1,WW impacted,2.84509804,NA,NA,CD-rssct,5.2,NA,1,NA,0,1,0,NA,2.801574755,NA,NA,0,NA
266,77,14,PFOS,PFASs,NA,-1,360,0.36,-0.83,0.25,0.31,0.75,1.8763,4.945,6.4,0.445603577,671,lignite coal,norit darco 1240,7.9,6.3,0.16,WWTP 2,WW impacted,2.698970004,NA,NA,CD-rssct,5.2,NA,1,NA,0,1,0,NA,2.684672327,NA,NA,0,NA
267,77,15,PFOS,PFASs,NA,-1,340,0.34,-0.83,0.25,0.31,0.75,1.8763,4.945,6.4,0.445603577,671,lignite coal,norit darco 1240,7.3,10.1,0.156,WWTP 3,WW impacted,3.531478917,NA,NA,CD-rssct,5.2,NA,1,NA,0,1,0,NA,3.350679457,NA,NA,0,NA
268,77,16,PFOS,PFASs,NA,-1,140,0.14,-0.83,0.25,0.31,0.75,1.8763,4.945,6.4,0.445603577,671,lignite coal,norit darco 1240,7.4,4.8,0.098,WWTP 4,WW impacted,3.380211242,NA,NA,CD-rssct,5.2,NA,1,NA,0,1,0,NA,3.229665316,NA,NA,0,NA
349,19,1,PFPeA,PFASs,0.34,-1,16.3,0.0163,-0.62,-0.02,0.46,0.33,1.0468,2.031,8.27,0.859796438,933,bituminous coal,calgon F400,7.56,2.7,0.0259,well water,groundwater,4.01323026,4.066850889,3.952044283,pilot,10,0.088435374,1,5,0,0,1,1,4.01323026,4.066850889,3.952044283,0,NA
350,19,31,PFPeA,PFASs,0.34,-1,16.3,0.0163,-0.62,-0.02,0.46,0.33,1.0468,2.031,8,0.238095238,785,coconut,Norit GCN 1240,7.56,2.7,0.0259,well water,groundwater,3.892284475,3.97717699,3.786664213,pilot,10,0.088435374,1,5,0,0,1,1,3.892284475,3.97717699,3.786664213,0,NA
372,50,2,PFPeA,PFASs,0.34,-1,22.63333333,0.02263,-0.62,-0.02,0.46,0.33,1.0468,2.031,8.29,0.859796438,933,bituminous coal,calgon F400,5.7,2.1,0.019,combined filter effluent,surface water,3.460112747,3.553089176,3.341651832,pilot column 10,10,NA,1,5,0,0,1,1,3.460112747,3.553089176,3.341651832,0,NA
373,50,12,PFPeA,PFASs,0.34,-1,22.63333333,0.022633333,-0.62,-0.02,0.46,0.33,1.0468,2.031,8.29,0.859796438,933,bituminous coal,calgon F400,5.7,2.1,0.019,combined filter effluent,surface water,3.699044809,3.731745338,3.663680107,pilot column 11,10,NA,1,5,0,0,1,1,3.699044809,3.731745338,3.663680107,0,NA
374,50,17,PFPeA,PFASs,0.34,-1,22.63333333,0.02263,-0.62,-0.02,0.46,0.33,1.0468,2.031,7,0.277777778,575,lignite coal,Hydrodarco 4000,5.7,2.1,0.019,combined filter effluent,surface water,3.154638695,3.189578603,3.150587764,pilot column 12,10,NA,1,5,0,0,1,1,3.154638695,3.189578603,3.150587764,0,NA
375,50,25,PFPeA,PFASs,0.34,-1,22.63333333,0.02263,-0.62,-0.02,0.46,0.33,1.0468,2.031,7.4,0.166666667,963,bituminous coal,Norit GAC 400,5.7,2.1,0.019,combined filter effluent,surface water,3.630357692,3.644682274,3.615544471,pilot column 13,10,NA,1,5,0,0,1,1,3.630357692,3.644682274,3.615544471,0,NA
384,57,1,PFPeA,PFASs,NA,-1,217.1666667,0.217166667,-0.62,-0.02,0.46,0.33,1.0468,2.031,8.8,0.724304716,1468,bituminous coal,Norit 1241,6,2.02,0.032,OWASA,surface water,3.925941507,3.974473191,3.871296134,pilot,7,NA,1,NA,0,0,1,NA,3.925941507,3.974473191,3.871296134,0,"PSDM fit, added"
388,58,NA,PFPeA,PFASs,NA,-1,40.5,0.0405,-0.62,-0.02,0.46,0.33,1.0468,2.031,8.53,0.1875,614,bituminous coal,calgon F600,7,0.7,0.011,Oakdale MN,groundwater,4.522444234,NA,NA,full,13,NA,NA,NA,0,0,1,NA,4.522444234,NA,NA,0,added
218,61,16,PFPeA,PFASs,NA,-1,350,0.35,-0.62,-0.02,0.46,0.33,1.0468,2.031,9.95,0.804878049,769,bituminous coal,calgon F400,7.2,0.78,0.010452,groundwater AZ1,groundwater,4.298248071,4.311030911,4.285077547,"20min, LC",20,NA,1,5,0,1,0,1,3.96409478,3.974321052,3.953558361,0,NA
219,61,17,PFPeA,PFASs,NA,-1,350,0.35,-0.62,-0.02,0.46,0.33,1.0468,2.031,9.95,0.804878049,769,bituminous coal,calgon F400,7.2,0.78,0.010452,groundwater AZ1,groundwater,4.047071748,4.083362459,4.00746969,"10min, LC",10,NA,1,5,0,1,0,1,3.763153721,3.79218629,3.731472075,0,NA
220,61,18,PFPeA,PFASs,NA,-1,350,0.35,-0.62,-0.02,0.46,0.33,1.0468,2.031,9.95,0.804878049,769,bituminous coal,calgon F400,7.2,0.78,0.010452,groundwater AZ1,groundwater,4.020288396,4.070550962,3.963438006,"5min, LC",5,NA,1,5,0,1,0,1,3.74172704,3.781937092,3.696246728,0,NA
221,61,41,PFPeA,PFASs,NA,-1,350,0.35,-0.62,-0.02,0.46,0.33,1.0468,2.031,9.95,0.804878049,769,bituminous coal,calgon F400,7.2,0.78,0.010452,groundwater AZ1,groundwater,3.925078082,3.945707151,3.903420049,"5min, LC",5,NA,1,5,0,1,0,1,3.665558789,3.682062044,3.648232362,0,NA
351,19,7,PFPeS,PFASs,0.34,-1,9.4,0.0094,-0.57,0.62,0.31,0.75,1.3474,3.68,8.27,0.859796438,933,bituminous coal,calgon F400,7.56,2.7,0.0259,well water,groundwater,4.135098175,4.209518409,4.045233225,pilot,10,0.115107914,1,5,0,0,1,1,4.135098175,4.209518409,4.045233225,0,NA
352,19,17,PFPeS,PFASs,0.34,-1,9.4,0.0094,-0.57,0.62,0.31,0.75,1.3474,3.68,8.53,0.1875,614,bituminous coal,calgon F600,7.56,2.7,0.0259,well water,groundwater,4.071801749,4.120002597,4.017575571,pilot,10,0.115107914,1,5,0,0,1,1,4.071801749,4.120002597,4.017575571,0,NA
353,19,5,PFPrS,PFASs,NA,-1,3.3,0.0033,0.35,1.34,0.31,0.75,0.8709,4.081,8.27,0.859796438,933,bituminous coal,calgon F400,7.56,2.7,0.0259,well water,groundwater,4.078606937,4.091795095,4.06500572,pilot,10,0.107913669,1,4,0,0,1,1,4.078606937,4.091795095,4.06500572,0,NA
354,19,15,PFPrS,PFASs,NA,-1,3.3,0.0033,0.35,1.34,0.31,0.75,0.8709,4.081,8.53,0.1875,614,bituminous coal,calgon F600,7.56,2.7,0.0259,well water,groundwater,3.989821267,4.014358614,3.96381412,pilot,10,0.107913669,1,4,0,0,1,1,3.989821267,4.014358614,3.96381412,0,NA
355,19,35,PFPrS,PFASs,NA,-1,3.3,0.0033,0.35,1.34,0.31,0.75,0.8709,4.081,8,0.238095238,785,coconut,Norit GCN 1240,7.56,2.7,0.0259,well water,groundwater,3.894436059,3.930394027,3.855229947,pilot,10,0.107913669,1,4,0,0,1,1,3.894436059,3.930394027,3.855229947,0,NA
330,16,NA,Prometon,Pharmaceuticals,5.97,0.0855,171,0.171,1.07,1.1,0.22,1.12,1.8377,8.08,8.8,0.724304716,1468,bituminous coal,Norit 1240,7,3.9,0.098,"A, coag BEM",surface water,4.579783597,NA,NA,pilot,7,0.17721519,0,0,0,0,1,NA,4.579783597,NA,0,0,NA
331,16,NA,Prometon,Pharmaceuticals,5.97,0.0183,171,0.171,1.07,1.1,0.22,1.12,1.8377,8.08,8.03,0.840102845,899,bituminous coal,calgon F300,7.7,2.8,0.044,"B, ozonated BEM",surface water,4.544068044,NA,NA,pilot,7.5,0.17721519,0,0,0,0,1,NA,4.544068044,NA,0,0,NA
332,16,NA,Prometon,Pharmaceuticals,5.97,0.4831,171,0.171,1.07,1.1,0.22,1.12,1.8377,8.08,8.8,0.724304716,1468,bituminous coal,Norit 1240,6,2.1,0.027,"C, OWASA",surface water,4.662757832,NA,NA,pilot,7,0.17721519,0,0,0,0,1,NA,4.662757832,NA,0,0,NA
333,16,NA,Prometon,Pharmaceuticals,5.97,0.371,171,0.171,1.07,1.1,0.22,1.12,1.8377,8.08,8.8,0.724304716,1468,bituminous coal,Norit 1240,6.2,1.7,0.024,"D,LM",surface water,4.806179974,NA,NA,pilot,7,0.17721519,0,0,0,0,1,NA,4.806179974,NA,0,0,NA
35,17,NA,Prometon,Pharmaceuticals,5.97,0.0855,171,0.171,1.07,1.1,0.22,1.12,1.8377,8.08,8.8,0.724304716,1468,bituminous coal,Norit 1240,7,3.9,0.097,"A, coagulated BEM",surface water,5.021189299,NA,NA,PD-rssct,7,0.17721519,0,0,1,0,0,NA,4.542447762,NA,NA,0,NA
37,17,NA,Prometon,Pharmaceuticals,5.97,0.0855,171,0.171,1.07,1.1,0.22,1.12,1.8377,8.08,8.8,0.724304716,1468,bituminous coal,Norit 1240,7,3.9,0.097,"A, coagulated BEM",surface water,5.255272505,NA,NA,PD-rssct,15,0.17721519,0,0,1,0,0,NA,4.729714327,NA,NA,0,NA
40,17,NA,Prometon,Pharmaceuticals,5.97,0.0183,171,0.171,1.07,1.1,0.22,1.12,1.8377,8.08,8.03,0.840102845,899,bituminous coal,calgon F300,7.7,2.4,0.04,"B, ozonated BEM",surface water,5.06069784,NA,NA,PD-rssct,7.5,0.17721519,0,0,1,0,0,NA,4.574054595,NA,NA,0,NA
45,17,NA,Prometon,Pharmaceuticals,5.97,0.4831,171,0.171,1.07,1.1,0.22,1.12,1.8377,8.08,8.8,0.724304716,1468,bituminous coal,Norit 1240,6,1.6,0.025,"C, OWASA",surface water,5.230448921,NA,NA,PD-rssct,7,0.17721519,0,0,1,0,0,NA,4.70985546,NA,NA,0,NA
49,17,NA,Prometon,Pharmaceuticals,5.97,0.0855,171,0.171,1.07,1.1,0.22,1.12,1.8377,8.08,8.8,0.724304716,1468,bituminous coal,Norit 1240,7,1.4,0.018,"D, LM",surface water,5.204119983,NA,NA,PD-rssct,7,0.17721519,0,0,1,0,0,NA,4.688792309,NA,NA,0,corrected
100,51,NA,Prometon,Pharmaceuticals,5.97,0.0074,100,0.1,1.07,1.1,0.22,1.12,1.8377,8.03,8.03,0.840102846,899,bituminous coal,calgon F300,8.1,2.11,0.056,conventional,surface water,5.045322979,NA,NA,PDrssct,7.5,0.17721519,0,0,1,0,0,0,4.561754706,NA,NA,0,author fitted psdm
101,51,NA,Prometon,Pharmaceuticals,5.97,0.0059,100,0.1,1.07,1.1,0.22,1.12,1.8377,8.03,8.03,0.840102846,899,bituminous coal,calgon F300,8.2,2.1,0.037,MIEX,surface water,4.857332496,NA,NA,PD-rssct,7.5,0.17721519,0,0,1,0,0,0,4.41136232,NA,NA,0,author fitted psdm
102,51,NA,Prometon,Pharmaceuticals,5.97,0.0093,100,0.1,1.07,1.1,0.22,1.12,1.8377,8.03,8.03,0.840102846,899,bituminous coal,calgon F300,8,3.85,0.061,ozone/bio,surface water,4.591064607,NA,NA,PD-rssct,7.5,0.17721519,0,0,1,0,0,0,4.198348009,NA,NA,0,author fitted psdm
103,51,NA,Prometon,Pharmaceuticals,5.97,0.0074,100,0.1,1.07,1.1,0.22,1.12,1.8377,8.03,8.03,0.840102846,899,bituminous coal,calgon F300,8.1,3,0.045,ozone/bio,surface water,4.86332286,NA,NA,PD-rssct,7.5,0.17721519,0,0,1,0,0,0,4.416154611,NA,NA,0,author fitted psdm
104,51,NA,Prometon,Pharmaceuticals,5.97,0.0074,100,0.1,1.07,1.1,0.22,1.12,1.8377,8.03,8.03,0.840102846,899,bituminous coal,calgon F300,8.1,2.17,0.033,ozone/bio,surface water,4.929418926,NA,NA,PD-rssct,7.5,0.17721519,0,0,1,0,0,0,4.469031464,NA,NA,0,author fitted psdm
165,57,NA,Prometon,Pharmaceuticals,5.97,0.4831,100,0.1,1.07,1.1,0.22,1.12,1.8377,8.03,8.8,0.724304716,1468,bituminous coal,Norit 1240,6,2.02,0.032,OWASA,surface water,4.664641976,NA,NA,CD-rssct,7,0.17721519,0,0,0,1,0,NA,4.257209904,NA,NA,0,"author PSDM, corrected"
168,57,NA,Prometon,Pharmaceuticals,5.97,0.4831,100,0.1,1.07,1.1,0.22,1.12,1.8377,8.03,8.8,0.724304716,1468,bituminous coal,Norit 1240,6,2.02,0.032,OWASA,surface water,5.220108088,NA,NA,PD-rssct,7,0.17721519,0,0,1,0,0,NA,4.701582794,NA,NA,0,"author PSDM, corrected"
387,57,NA,Prometon,Pharmaceuticals,5.97,0.4831,100,0.1,1.07,1.1,0.22,1.12,1.8377,8.03,8.8,0.724304716,1468,bituminous coal,Norit 1240,6,2.02,0.032,OWASA,surface water,4.603144373,NA,NA,pilot,7,0.17721519,0,0,0,0,1,NA,4.603144373,NA,NA,0,author PSDM
179,60,15,Prometon,Pharmaceuticals,5.97,0.0229,10,0.01,1.07,1.1,0.22,1.12,1.8377,8.08,8.03,0.3268,899,bituminous coal,calgon F300,7.6,2.3,0.062,"Water B, river",surface water,4.920876717,4.941218847,4.899534748,PD-rssct,10,0.17721519,0,0,1,0,0,0,4.462197696,4.4784714,4.445124122,0,NA
319,16,NA,Simazine,Pesticides,4.23,0.0011,83,0.083,1.25,1.32,0.18,0.98,1.4787,7.322,8.8,0.724304716,1468,bituminous coal,Norit 1240,7,3.9,0.098,"A, coag BEM",surface water,4.875061263,NA,NA,pilot,7,0.147435897,0,0,0,0,1,NA,4.875061263,NA,0,0,NA
320,16,NA,Simazine,Pesticides,4.23,0.0108,83,0.083,1.25,1.32,0.18,0.98,1.4787,7.322,8.8,0.724304716,1468,bituminous coal,Norit 1240,6,2.1,0.027,"C, OWASA",surface water,4.832508913,NA,NA,pilot,7,0.147435897,0,0,0,0,1,NA,4.832508913,NA,0,0,NA
322,16,NA,Simazine,Pesticides,4.23,0.007,83,0.083,1.25,1.32,0.18,0.98,1.4787,7.322,8.8,0.724304716,1468,bituminous coal,Norit 1240,6.2,1.7,0.024,"D,LM",surface water,5.071882007,NA,NA,pilot,7,0.147435897,0,0,0,0,1,NA,5.071882007,NA,0,0,added
6,17,NA,Simazine,Pesticides,4.23,0.0011,83,0.083,1.25,1.32,0.18,0.98,1.4787,7.322,8.8,0.724304716,1468,bituminous coal,Norit 1240,7,3.9,0.097,"A, coagulated BEM",surface water,5.414973347,NA,NA,PD-rssct,7,0.147435897,0,0,1,0,0,NA,4.857475001,NA,NA,0,NA
20,17,NA,Simazine,Pesticides,4.23,0.0108,83,0.083,1.25,1.32,0.18,0.98,1.4787,7.322,8.8,0.724304716,1468,bituminous coal,Norit 1240,6,1.6,0.025,"C, OWASA",surface water,5.414973347,NA,NA,PD-rssct,7,0.147435897,0,0,1,0,0,NA,4.857475001,NA,NA,0,NA
26,17,NA,Simazine,Pesticides,4.23,0.0011,83,0.083,1.25,1.32,0.18,0.98,1.4787,7.322,8.8,0.724304716,1468,bituminous coal,Norit 1240,7,1.4,0.018,"D, LM",surface water,5.322219295,NA,NA,PD-rssct,7,0.147435897,0,0,1,0,0,NA,4.783271759,NA,NA,0,corrected
157,57,NA,Simazine,Pesticides,4.23,0.0108,51.5,0.0515,1.25,1.32,0.18,0.98,1.4787,7.322,8.8,0.724304716,1468,bituminous coal,Norit 1240,6,2.02,0.032,OWASA,surface water,5,NA,NA,CD-rssct,7,0.147435897,0,0,0,1,0,NA,4.525496323,NA,NA,0,"author PSDM, corrected"
162,57,NA,Simazine,Pesticides,4.23,0.0108,51.5,0.0515,1.25,1.32,0.18,0.98,1.4787,7.322,8.8,0.724304716,1468,bituminous coal,Norit 1240,6,2.02,0.032,OWASA,surface water,5.457881897,NA,NA,PD-rssct,7,0.147435897,0,0,1,0,0,NA,4.89180184,NA,NA,0,"author PSDM, corrected"
175,60,10,Simazine,Pesticides,4.23,1.00E-04,500,0.5,1.25,1.32,0.18,0.98,1.4787,7.322,8.03,0.3268,899,bituminous coal,calgon F300,7.6,2.3,0.062,"Water B, river",surface water,5.212167316,5.220755825,5.20340553,PD-rssct,10,NA,0,0,1,0,0,0,4.695230176,4.702100983,4.688220747,0,NA
392,60,9,Simazine,Pesticides,4.23,1.00E-04,500,0.5,1.25,1.32,0.18,0.98,1.4787,7.322,6.1,0.7108,1027,bituminous coal,calgon F820,8,2.4,0.036,"Water B, river",surface water,4.494364806,4.512508046,4.475430438,pilot,7.1,NA,0,0,0,0,1,0,4.120988168,4.13550276,4.105840674,0,NA
51,35,5,Sucralose,Artificial sweeteners,11.91,-5.00E-04,210,0.21,2.23,2.35,1.33,2.64,2.419,11.821,6.4,0.445603577,671,lignite coal,norit darco 1240,8.4,5.4,0.184,surface water,surface water,3.000024951,3.098703304,2.872122885,CD-rssct,5.2,0.116959064,0,0,0,1,0,0,2.925516284,3.004458967,2.823194631,0,NA
52,35,6,Sucralose,Artificial sweeteners,11.91,0,210,0.21,2.23,2.35,1.33,2.64,2.419,11.821,6.4,0.445603577,671,lignite coal,norit darco 1240,6.7,4.3,0.0096,synthetic water,synthetic surface water,3.36828165,3.426061853,3.301617026,CD-rssct,5.2,0.116959064,0,0,0,1,0,0,3.220121643,3.266345805,3.166789944,0,NA
307,1,13,Sulfamethoxazole,Pharmaceuticals,6.16,-0.8735,300,0.3,1.89,2.23,0.58,1.29,1.7244,9.76,8.1,0.746008169,1083,lignite coal,donau carbon epibon a 8*30,7,11.4,0.248,secondary effluent,WW impacted,3.4935993,3.518606785,3.467063379,pilot up flow,19,1,0,0,0,0,1,0,3.320375763,3.340381751,3.299147026,0,NA
334,16,NA,Sulfamethoxazole,Pharmaceuticals,6.16,-0.8735,270,0.27,1.89,2.23,0.58,1.29,1.7244,9.76,8.8,0.724304716,1468,bituminous coal,Norit 1240,7,3.9,0.098,"A, coag BEM",surface water,4.875061263,NA,NA,pilot,7,1,0,0,0,0,1,NA,4.875061263,NA,0,0,NA
335,16,NA,Sulfamethoxazole,Pharmaceuticals,6.16,-0.5226,270,0.27,1.89,2.23,0.58,1.29,1.7244,9.76,8.8,0.724304716,1468,bituminous coal,Norit 1240,6.2,1.7,0.024,"D,LM",surface water,4.973127854,NA,NA,pilot,7,1,0,0,0,0,1,NA,4.973127854,NA,0,0,NA
36,17,NA,Sulfamethoxazole,Pharmaceuticals,6.16,-0.8735,270,0.27,1.89,2.23,0.58,1.29,1.7244,9.76,8.8,0.724304716,1468,bituminous coal,Norit 1240,7,3.9,0.097,"A, coagulated BEM",surface water,5.041392685,NA,NA,PD-rssct,7,1,0,0,1,0,0,NA,4.558610471,NA,NA,0,NA
41,17,NA,Sulfamethoxazole,Pharmaceuticals,6.16,-0.9719,270,0.27,1.89,2.23,0.58,1.29,1.7244,9.76,8.03,0.840102847,899,bituminous coal,calgon F300,7.7,2.4,0.04,"B, ozonated BEM",surface water,5.041392685,NA,NA,PD-rssct,7.5,1,0,0,1,0,0,NA,4.558610471,NA,NA,0,NA
46,17,NA,Sulfamethoxazole,Pharmaceuticals,6.16,-0.4085,270,0.27,1.89,2.23,0.58,1.29,1.7244,9.76,8.8,0.724304716,1468,bituminous coal,Norit 1240,6,1.6,0.025,"C, OWASA",surface water,5.278753601,NA,NA,PD-rssct,7,1,0,0,1,0,0,NA,4.748499204,NA,NA,0,NA
50,17,NA,Sulfamethoxazole,Pharmaceuticals,6.16,-0.8735,270,0.27,1.89,2.23,0.58,1.29,1.7244,9.76,8.8,0.724304716,1468,bituminous coal,Norit 1240,7,1.4,0.018,"D,LM",surface water,5.426511261,NA,NA,PD-rssct,7,1,0,0,1,0,0,NA,4.866705332,NA,NA,0,NA
66,35,13,Sulfamethoxazole,Pharmaceuticals,6.16,-0.9943,130,0.13,1.89,2.23,0.58,1.29,1.7244,9.76,6.4,0.445603577,671,lignite coal,norit darco 1240,8.4,5.4,0.184,surface water,surface water,3.075218096,3.151189981,2.98307809,CD-rssct,5.2,1,0,0,0,1,0,0,2.9856708,3.046448308,2.911958795,0,NA
67,35,14,Sulfamethoxazole,Pharmaceuticals,6.16,-0.7759,130,0.13,1.89,2.23,0.58,1.29,1.7244,9.76,6.4,0.445603577,671,lignite coal,norit darco 1240,6.7,4.3,0.096,synthetic water,synthetic surface water,3.721849779,3.775971441,3.660010295,CD-rssct,5.2,1,0,0,0,1,0,0,3.502976146,3.546273476,3.453504559,0,NA
68,35,15,Sulfamethoxazole,Pharmaceuticals,6.16,-0.9562,130,0.13,1.89,2.23,0.58,1.29,1.7244,9.76,6.4,0.445603577,671,lignite coal,norit darco 1240,7.5,7,0.162,waste water,WW impacted,3.345180628,3.405533544,3.275065781,CD-rssct,5.2,1,0,0,0,1,0,0,3.201640826,3.249923158,3.145548948,0,NA
105,51,NA,Sulfamethoxazole,Pharmaceuticals,6.16,-0.9909,100,0.1,1.89,2.23,0.58,1.29,1.7244,9.76,8.03,0.840102848,899,bituminous coal,calgon F300,8.1,2.11,0.056,conventional,surface water,4.707570176,NA,NA,PDrssct,7.5,1,0,0,1,0,0,0,4.291552464,NA,NA,0,author fitted psdm
106,51,NA,Sulfamethoxazole,Pharmaceuticals,6.16,-0.9909,100,0.1,1.89,2.23,0.58,1.29,1.7244,9.76,8.03,0.840102848,899,bituminous coal,calgon F300,8.2,2.1,0.037,MIEX,surface water,4.662757831,NA,NA,PD-rssct,7.5,1,0,0,1,0,0,0,4.255702588,NA,NA,0,author fitted psdm
107,51,NA,Sulfamethoxazole,Pharmaceuticals,6.16,-0.9857,100,0.1,1.89,2.23,0.58,1.29,1.7244,9.76,8.03,0.840102849,899,bituminous coal,calgon F300,8,3.85,0.061,ozone/bio,surface water,4.342422681,NA,NA,PD-rssct,7.5,1,0,0,1,0,0,0,3.999434468,NA,NA,0,author fitted psdm
108,51,NA,Sulfamethoxazole,Pharmaceuticals,6.16,-0.9909,100,0.1,1.89,2.23,0.58,1.29,1.7244,9.76,8.03,0.840102848,899,bituminous coal,calgon F300,8.1,2.17,0.033,ozone/bio,surface water,4.662757831,NA,NA,PD-rssct,7.5,1,0,0,1,0,0,0,4.255702588,NA,NA,0,author fitted psdm
109,51,NA,Sulfamethoxazole,Pharmaceuticals,6.16,-0.9909,100,0.1,1.89,2.23,0.58,1.29,1.7244,9.76,8.03,0.840102848,899,bituminous coal,calgon F300,8.1,3,0.045,ozone/bio,surface water,4.707570176,NA,NA,PD-rssct,7.5,1,0,0,1,0,0,0,4.291552464,NA,NA,0,author fitted psdm
170,59,NA,Sulfamethoxazole,Pharmaceuticals,6.16,-0.9776,450,0.45,1.89,2.23,0.58,1.29,1.7244,9.76,8.03,0.840102849,899,bituminous coal,calgon F300,7.8,5.25,0.1465,wwtp eff,surface water,3.548017323,NA,NA,"gacnf, CD-rssct",10,1,0,0,0,1,0,0,3.363910182,NA,NA,0,author tabulated bv10
276,77,17,Sulfamethoxazole,Pharmaceuticals,NA,-0.8735,1300,1.3,1.89,2.23,0.58,1.29,1.7244,9.76,6.4,0.445603577,671,lignite coal,norit darco 1240,7.5,7,0.162,WWTP 1,WW impacted,3.230448921,NA,NA,CD-rssct,5.2,NA,NA,NA,0,1,0,NA,3.10985546,NA,NA,0,NA
277,77,18,Sulfamethoxazole,Pharmaceuticals,NA,-0.8735,3600,3.6,1.89,2.23,0.58,1.29,1.7244,9.76,6.4,0.445603577,671,lignite coal,norit darco 1240,7.9,6.3,0.16,WWTP 2,WW impacted,3.113943352,NA,NA,CD-rssct,5.2,NA,NA,NA,0,1,0,NA,3.016651005,NA,NA,0,NA
278,77,19,Sulfamethoxazole,Pharmaceuticals,NA,-0.8735,1800,1.8,1.89,2.23,0.58,1.29,1.7244,9.76,6.4,0.445603577,671,lignite coal,norit darco 1240,7.3,10.1,0.156,WWTP 3,WW impacted,3.491361694,NA,NA,CD-rssct,5.2,NA,NA,NA,0,1,0,NA,3.318585678,NA,NA,0,NA
279,77,20,Sulfamethoxazole,Pharmaceuticals,NA,-0.8735,900,0.9,1.89,2.23,0.58,1.29,1.7244,9.76,6.4,0.445603577,671,lignite coal,norit darco 1240,7.4,4.8,0.098,WWTP 4,WW impacted,3.380211242,NA,NA,CD-rssct,5.2,NA,NA,NA,0,1,0,NA,3.229665316,NA,NA,0,NA
180,60,12,TCE,VOCs,NA,0,1.00E+06,1000,0.52,0.37,0.08,0.03,0.7146,2.997,8.03,0.3268,899,bituminous coal,calgon F300,7.6,2.3,0.062,"Water B, river",surface water,3.986155268,4.001991957,3.969719161,CD-rssct,5,NA,0,0,0,1,0,0,3.714420537,3.727089889,3.701271652,0,NA
181,60,13,TCE,VOCs,NA,0,1.00E+06,1000,0.52,0.37,0.08,0.03,0.7146,2.997,8.03,0.3268,899,bituminous coal,calgon F300,7.6,2.3,0.062,"Water B, river",surface water,4.078208089,4.091009828,4.065017502,PD-rssct,5,NA,0,0,1,0,0,0,3.788062795,3.798304186,3.777510324,0,NA
241,62,2,TCE,VOCs,NA,0,4200,4.2,0.52,0.37,0.08,0.03,0.7146,2.997,7.4,0.185185185,963,bituminous coal,Norit GAC 400,7.5,1,0.0155,OH GW,groundwater,5.240748056,5.25415598,5.226912968,PD-rssct,7.5,NA,0,NA,1,0,0,NA,4.718094768,4.728821107,4.707026698,0,NA
242,62,11,TCE,VOCs,NA,0,4200,4.2,0.52,0.37,0.08,0.03,0.7146,2.997,7.4,0.185185185,963,bituminous coal,Norit GAC 400,7.5,1,0.0155,OH GW,groundwater,5.156126177,5.172748235,5.138842527,PD-rssct,15,NA,0,NA,1,0,0,NA,4.650397265,4.663694911,4.636570345,0,NA
